Campaign_ID,Campaign_Name,Channel,Start_Date,End_Date,Region,Audience_Type,Age_Group,Gender,Impressions,Clicks,Conversions,Spend,Revenue
MKT001,Flash Sale,Instagram,2024-09-01,2024-09-19,South,New,18-25,Male,125410,5920,1730,46932,98741
MKT002,New Year Promo,Facebook,2024-07-09,2024-07-26,South,Returning,36-50,Female,95225,14750,2282,38798,28830
MKT003,Monsoon Offers,Email,2024-06-11,2024-07-02,West,Returning,36-50,Male,64814,11345,679,36898,65044
MKT004,Festive Blast,Twitter,2024-03-02,2024-03-27,East,Returning,26-35,Male,105091,7324,1270,20881,83948
MKT005,Flash Sale,YouTube,2024-03-08,2024-03-30,North,New,36-50,Female,70719,7327,589,15785,79202
MKT006,Clearance Campaign,Instagram,2024-08-20,2024-09-02,West,Returning,36-50,Male,149887,9417,2625,11691,47045
MKT007,Diwali Offers,Instagram,2024-09-01,2024-09-23,West,New,26-35,Other,53919,1776,1282,22297,96322
MKT008,Flash Sale,Google Ads,2024-08-26,2024-09-16,East,Returning,50+,Other,93155,12029,483,11358,81051
MKT009,Monsoon Offers,Google Ads,2024-07-22,2024-08-17,East,New,50+,Female,91569,6208,262,24581,36627
MKT010,Festive Blast,Email,2024-06-11,2024-06-18,West,Returning,36-50,Female,61328,1687,2588,6462,25198
MKT011,New Year Promo,Twitter,2024-10-22,2024-11-01,North,Returning,50+,Male,44618,1529,1976,20511,79521
MKT012,Monsoon Offers,Email,2024-07-11,2024-08-09,West,Returning,50+,Male,54675,12634,1312,15570,39475
MKT013,Monsoon Offers,Facebook,2024-02-20,2024-03-03,East,Returning,36-50,Male,38919,6067,2562,49414,29403
MKT014,Diwali Offers,Facebook,2024-03-30,2024-04-24,North,New,50+,Male,24173,14223,1462,20474,13681
MKT015,Mega Discount,Email,2024-10-25,2024-11-21,East,Returning,36-50,Other,129369,9080,1730,12037,52292
MKT016,Festive Blast,Twitter,2024-08-13,2024-09-12,North,Returning,18-25,Other,46400,6518,1304,33129,15629
MKT017,Winter Deals,Email,2024-01-29,2024-02-13,South,New,26-35,Female,90305,3153,387,47267,87814
MKT018,Monsoon Offers,Twitter,2024-05-23,2024-06-14,East,Returning,26-35,Male,188636,10486,1957,18386,18417
MKT019,Mega Discount,Twitter,2024-08-18,2024-09-05,East,New,50+,Male,196886,7094,286,11221,44765
MKT020,Winter Deals,YouTube,2024-03-09,2024-04-07,West,Returning,50+,Female,108791,7974,2007,28474,84499
MKT021,Festive Blast,Twitter,2024-07-06,2024-08-03,East,Returning,50+,Male,179034,10718,1261,45537,66574
MKT022,Summer Sale,Google Ads,2024-03-03,2024-03-18,East,Returning,26-35,Male,90533,5774,229,26045,37675
MKT023,Clearance Campaign,Twitter,2024-01-26,2024-02-02,South,New,18-25,Male,123591,8692,2341,30783,82267
MKT024,Mega Discount,Twitter,2024-08-31,2024-09-17,East,Returning,18-25,Male,161650,12088,2463,45157,50563
MKT025,Weekend Bonanza,Twitter,2024-04-28,2024-05-06,South,Returning,26-35,Male,151060,4103,1987,9922,21332
MKT026,Summer Sale,Facebook,2024-01-06,2024-02-03,South,Returning,18-25,Female,169696,3440,243,27706,29177
MKT027,Clearance Campaign,Google Ads,2024-02-11,2024-03-04,South,New,26-35,Male,59194,5135,115,47771,99254
MKT028,Diwali Offers,Google Ads,2024-01-23,2024-02-19,South,New,18-25,Female,129903,12994,2570,37479,78447
MKT029,Flash Sale,Email,2024-02-09,2024-02-28,North,Returning,36-50,Male,151461,8124,344,10178,67104
MKT030,New Year Promo,YouTube,2024-06-25,2024-07-08,West,New,36-50,Other,119303,6201,1026,35022,94335
MKT031,Weekend Bonanza,Twitter,2024-06-27,2024-07-19,North,Returning,26-35,Other,133903,1844,2276,20240,90730
MKT032,Diwali Offers,Instagram,2024-09-02,2024-09-11,East,Returning,18-25,Other,87391,1446,1006,31220,14951
MKT033,Festive Blast,YouTube,2024-02-20,2024-02-27,North,Returning,50+,Other,164866,4915,986,41736,38333
MKT034,Diwali Offers,YouTube,2024-04-14,2024-04-23,North,Returning,18-25,Female,78002,4109,440,7716,31673
MKT035,Flash Sale,Google Ads,2024-01-01,2024-01-15,East,Returning,36-50,Female,55531,2234,2151,21574,50870
MKT036,Festive Blast,YouTube,2024-03-24,2024-04-03,East,Returning,36-50,Male,24986,7587,1533,22719,81101
MKT037,Weekend Bonanza,Twitter,2024-05-15,2024-06-05,East,Returning,18-25,Other,52298,14638,405,13181,32821
MKT038,Flash Sale,Twitter,2024-04-30,2024-05-25,North,New,18-25,Female,21481,1226,1007,49066,35494
MKT039,Winter Deals,Facebook,2024-06-12,2024-06-25,North,New,50+,Male,76408,5143,2754,25213,84160
MKT040,New Year Promo,Twitter,2024-10-21,2024-11-04,East,New,50+,Male,141950,8185,1471,11380,10835
MKT041,Weekend Bonanza,Twitter,2024-10-22,2024-11-02,West,New,18-25,Female,167907,12151,420,5615,28646
MKT042,Winter Deals,Google Ads,2024-07-09,2024-08-02,West,New,18-25,Other,145355,6558,658,5463,87360
MKT043,Clearance Campaign,Twitter,2024-02-14,2024-03-11,South,New,18-25,Male,47798,11022,1304,36973,47335
MKT044,Weekend Bonanza,Facebook,2024-10-10,2024-11-07,East,New,18-25,Other,111649,12971,2765,14158,79351
MKT045,Clearance Campaign,Instagram,2024-05-13,2024-05-20,South,Returning,26-35,Other,84887,1186,2858,25651,12429
MKT046,Festive Blast,Google Ads,2024-04-13,2024-05-04,West,Returning,18-25,Other,39477,12069,1509,8158,51950
MKT047,Winter Deals,Instagram,2024-06-19,2024-07-09,South,Returning,50+,Male,168338,3535,1741,25008,70654
MKT048,New Year Promo,Google Ads,2024-04-26,2024-05-17,East,Returning,36-50,Other,147815,2932,1231,9938,78143
MKT049,Flash Sale,Email,2024-02-19,2024-03-14,East,New,26-35,Male,194598,12116,2678,43185,87527
MKT050,Monsoon Offers,YouTube,2024-05-10,2024-05-27,East,New,18-25,Other,147426,10040,2557,27388,96704
MKT051,Diwali Offers,Email,2024-10-07,2024-10-20,North,Returning,36-50,Male,162961,3032,917,13881,41099
MKT052,Summer Sale,Twitter,2024-08-26,2024-09-16,South,Returning,26-35,Other,44335,2252,1294,10603,49385
MKT053,New Year Promo,Instagram,2024-07-15,2024-07-27,West,New,36-50,Female,162326,6509,2640,39980,45919
MKT054,Winter Deals,Twitter,2024-02-13,2024-03-06,West,Returning,18-25,Other,106610,6074,111,27504,70782
MKT055,Monsoon Offers,YouTube,2024-04-05,2024-05-03,West,Returning,18-25,Other,31442,14900,294,21766,81116
MKT056,New Year Promo,Google Ads,2024-03-04,2024-03-14,North,Returning,50+,Male,66289,14304,2637,33386,82590
MKT057,Winter Deals,YouTube,2024-03-27,2024-04-23,North,Returning,18-25,Male,73747,2881,2942,16695,99626
MKT058,Mega Discount,Facebook,2024-10-07,2024-10-27,East,New,18-25,Other,57327,1269,2329,22796,50387
MKT059,Mega Discount,YouTube,2024-05-12,2024-06-01,West,Returning,26-35,Female,167271,2630,755,47543,25823
MKT060,Clearance Campaign,Facebook,2024-10-06,2024-10-14,North,Returning,50+,Female,92827,5405,2021,19559,56015
MKT061,New Year Promo,YouTube,2024-08-06,2024-08-24,East,New,26-35,Male,126464,12395,2841,43914,25339
MKT062,Mega Discount,Facebook,2024-01-16,2024-02-14,West,New,36-50,Female,151184,7139,2177,38139,13491
MKT063,Winter Deals,Instagram,2024-02-14,2024-02-27,South,Returning,18-25,Other,107051,2574,1719,43333,10706
MKT064,Clearance Campaign,Twitter,2024-08-04,2024-08-18,East,New,36-50,Male,170653,14383,1219,13802,25728
MKT065,Winter Deals,Twitter,2024-10-01,2024-10-20,North,Returning,26-35,Other,79722,12084,877,13307,16997
MKT066,Clearance Campaign,Email,2024-02-23,2024-03-03,North,Returning,18-25,Male,112036,2695,543,45205,70408
MKT067,New Year Promo,Twitter,2024-03-12,2024-04-07,East,New,18-25,Male,167595,4258,397,38214,68097
MKT068,Monsoon Offers,Google Ads,2024-07-26,2024-08-20,East,Returning,26-35,Male,86960,4262,907,39159,48523
MKT069,Flash Sale,YouTube,2024-01-06,2024-01-15,North,Returning,26-35,Male,39552,2445,1860,16516,35163
MKT070,Weekend Bonanza,Email,2024-05-21,2024-06-11,South,Returning,26-35,Female,161880,7263,944,34086,27718
MKT071,Monsoon Offers,Google Ads,2024-04-19,2024-05-05,West,Returning,26-35,Other,174692,9411,1115,35480,97508
MKT072,Festive Blast,Google Ads,2024-07-01,2024-07-30,South,New,26-35,Other,20887,1052,1484,49659,93767
MKT073,Winter Deals,Facebook,2024-04-27,2024-05-17,East,New,18-25,Other,51802,10949,1497,43737,49619
MKT074,Festive Blast,Twitter,2024-06-23,2024-07-13,South,Returning,26-35,Male,105024,6570,653,14265,22126
MKT075,Monsoon Offers,Instagram,2024-08-06,2024-08-15,North,New,18-25,Female,138639,8579,2450,10454,99131
MKT076,Clearance Campaign,Instagram,2024-03-08,2024-03-15,East,Returning,18-25,Other,138248,2666,520,40918,74926
MKT077,Weekend Bonanza,Email,2024-09-07,2024-09-25,West,Returning,26-35,Female,101938,14548,1369,31181,50633
MKT078,Weekend Bonanza,Instagram,2024-08-04,2024-08-31,North,Returning,26-35,Male,142746,7901,1360,20386,87654
MKT079,Summer Sale,YouTube,2024-10-25,2024-11-09,North,Returning,50+,Other,46049,3785,284,44182,13317
MKT080,Weekend Bonanza,Instagram,2024-04-28,2024-05-05,West,Returning,18-25,Female,97789,1719,567,42425,54980
MKT081,Flash Sale,Email,2024-06-08,2024-06-29,West,New,26-35,Male,104526,9597,2901,48254,54115
MKT082,Weekend Bonanza,Instagram,2024-09-26,2024-10-06,South,Returning,26-35,Female,158918,7855,2510,29327,71646
MKT083,Monsoon Offers,YouTube,2024-08-18,2024-09-08,East,New,26-35,Other,66220,3294,1406,26181,53158
MKT084,Summer Sale,Facebook,2024-03-20,2024-04-13,West,New,50+,Other,66163,9263,1676,26452,65963
MKT085,Monsoon Offers,Email,2024-04-27,2024-05-25,West,Returning,50+,Male,154837,11245,435,43248,57631
MKT086,Monsoon Offers,Facebook,2024-06-18,2024-07-12,East,Returning,36-50,Male,137126,10421,2309,45801,59316
MKT087,Diwali Offers,Facebook,2024-06-19,2024-07-02,West,Returning,18-25,Male,101486,10759,1597,38751,69342
MKT088,Summer Sale,Facebook,2024-02-19,2024-03-07,West,Returning,36-50,Female,196342,12874,2159,26991,25504
MKT089,Monsoon Offers,Google Ads,2024-04-27,2024-05-08,South,Returning,26-35,Female,95277,12145,1547,46311,78593
MKT090,Diwali Offers,Twitter,2024-08-23,2024-08-30,North,New,50+,Female,124245,5482,687,14916,36660
MKT091,Diwali Offers,Google Ads,2024-04-10,2024-04-17,North,Returning,50+,Male,142332,1698,1981,15143,47196
MKT092,Summer Sale,Twitter,2024-05-10,2024-05-18,North,Returning,36-50,Other,42931,8243,300,30855,75938
MKT093,Festive Blast,Facebook,2024-10-04,2024-10-21,North,New,50+,Other,109116,14488,621,20581,18605
MKT094,Clearance Campaign,Email,2024-06-21,2024-07-08,West,New,26-35,Female,75633,10018,1987,6907,67388
MKT095,Flash Sale,Twitter,2024-04-07,2024-04-28,East,Returning,50+,Female,71913,6918,2652,34424,91297
MKT096,Clearance Campaign,YouTube,2024-04-06,2024-04-23,East,New,36-50,Other,114776,1348,1811,28308,65501
MKT097,Weekend Bonanza,YouTube,2024-01-26,2024-02-24,South,Returning,26-35,Other,45991,6374,887,46984,63309
MKT098,Flash Sale,Instagram,2024-08-07,2024-09-05,South,New,36-50,Female,124092,13100,159,46505,37043
MKT099,Weekend Bonanza,Twitter,2024-06-03,2024-06-27,West,New,50+,Female,161633,8869,677,41942,43635
MKT100,Monsoon Offers,Email,2024-07-31,2024-08-13,East,Returning,36-50,Other,167973,1307,420,31957,89315
MKT101,Winter Deals,Google Ads,2024-09-13,2024-10-05,East,New,36-50,Male,115556,4416,1558,30464,90691
MKT102,Summer Sale,Facebook,2024-04-17,2024-04-29,North,New,18-25,Female,82875,14438,2137,28649,43132
MKT103,Flash Sale,Instagram,2024-08-14,2024-09-10,West,New,50+,Other,176989,11526,1022,47065,99387
MKT104,Flash Sale,YouTube,2024-04-15,2024-04-27,West,New,50+,Other,82120,14053,1509,32125,25366
MKT105,Monsoon Offers,Google Ads,2024-05-25,2024-06-22,North,New,36-50,Other,153060,5820,1794,39758,82107
MKT106,Festive Blast,Google Ads,2024-06-13,2024-07-02,West,New,18-25,Other,130041,12001,668,10596,72580
MKT107,Diwali Offers,Facebook,2024-08-28,2024-09-12,West,Returning,50+,Male,148467,14907,1201,21374,67889
MKT108,Monsoon Offers,Twitter,2024-08-28,2024-09-08,South,Returning,26-35,Other,165328,4558,626,8775,89553
MKT109,Mega Discount,YouTube,2024-03-17,2024-04-07,East,New,36-50,Female,138490,5478,2671,32388,49236
MKT110,Diwali Offers,Email,2024-01-01,2024-01-26,West,Returning,50+,Male,146155,12669,2760,26029,14150
MKT111,Summer Sale,Google Ads,2024-03-16,2024-04-11,South,Returning,26-35,Other,48230,7531,2272,23445,29423
MKT112,Diwali Offers,Facebook,2024-09-25,2024-10-25,East,Returning,50+,Male,79778,5620,970,19645,14137
MKT113,Festive Blast,Email,2024-09-14,2024-10-03,North,New,26-35,Female,65833,11878,379,36105,39992
MKT114,Diwali Offers,Twitter,2024-07-15,2024-07-30,South,Returning,36-50,Other,42625,3985,2769,18668,54921
MKT115,Summer Sale,YouTube,2024-09-17,2024-10-01,South,New,50+,Female,52088,9112,2993,20960,89369
MKT116,Festive Blast,Twitter,2024-07-12,2024-07-26,East,Returning,50+,Other,192239,9467,1992,16357,76917
MKT117,Clearance Campaign,Google Ads,2024-02-19,2024-03-17,North,New,18-25,Other,123937,3547,1851,42203,83690
MKT118,Flash Sale,Email,2024-07-20,2024-08-13,South,New,36-50,Other,96361,11956,773,20804,44235
MKT119,Flash Sale,Email,2024-09-27,2024-10-26,West,Returning,26-35,Other,108229,1336,1251,19626,88975
MKT120,Weekend Bonanza,Email,2024-09-08,2024-09-28,West,Returning,50+,Other,155189,11165,2461,33132,29122
MKT121,Clearance Campaign,Google Ads,2024-07-16,2024-08-11,West,New,50+,Male,110265,3979,431,12951,33956
MKT122,Clearance Campaign,Google Ads,2024-03-27,2024-04-18,North,Returning,26-35,Other,117718,13768,1273,11449,73879
MKT123,Diwali Offers,Twitter,2024-07-25,2024-08-16,South,Returning,36-50,Other,80710,4968,2139,24065,68560
MKT124,Flash Sale,Instagram,2024-10-12,2024-10-31,West,Returning,18-25,Male,114876,1910,1577,40967,92800
MKT125,Summer Sale,Twitter,2024-05-31,2024-06-12,North,New,18-25,Male,50949,2996,135,44536,78685
MKT126,New Year Promo,YouTube,2024-08-13,2024-08-21,West,New,50+,Male,173619,4129,1808,14130,34660
MKT127,New Year Promo,Facebook,2024-08-18,2024-08-28,East,Returning,26-35,Male,88136,6447,1543,28824,96064
MKT128,Festive Blast,Email,2024-05-13,2024-06-10,South,Returning,50+,Male,131541,7129,2353,46401,11168
MKT129,Flash Sale,Instagram,2024-01-22,2024-02-03,South,Returning,26-35,Male,81842,6850,2786,41993,55124
MKT130,Flash Sale,Facebook,2024-01-01,2024-01-17,North,New,18-25,Other,46990,5204,2995,36875,45897
MKT131,New Year Promo,Instagram,2024-05-06,2024-05-23,North,New,36-50,Other,167265,8446,1479,11054,25032
MKT132,Flash Sale,Twitter,2024-02-14,2024-03-02,South,Returning,26-35,Female,50109,12949,539,39273,62797
MKT133,Diwali Offers,Google Ads,2024-08-08,2024-08-29,West,Returning,18-25,Other,150356,9519,2876,46821,45294
MKT134,Mega Discount,Email,2024-01-19,2024-02-10,West,Returning,50+,Other,170305,10991,1219,15832,53827
MKT135,Winter Deals,Twitter,2024-05-30,2024-06-21,East,Returning,26-35,Male,148133,1314,263,34670,13516
MKT136,Clearance Campaign,Facebook,2024-03-28,2024-04-18,West,Returning,36-50,Male,185582,12737,247,27852,29751
MKT137,Weekend Bonanza,Facebook,2024-04-23,2024-05-22,North,Returning,50+,Other,21306,2134,2441,28620,40373
MKT138,Festive Blast,Facebook,2024-04-26,2024-05-09,North,New,50+,Female,23849,11938,294,33307,40270
MKT139,Mega Discount,Facebook,2024-01-10,2024-01-21,West,Returning,18-25,Male,32360,5876,762,6551,20386
MKT140,New Year Promo,Facebook,2024-07-01,2024-07-20,North,New,26-35,Other,131072,9102,579,32812,74817
MKT141,Clearance Campaign,Instagram,2024-03-12,2024-04-04,South,Returning,50+,Other,114767,10712,222,18799,75184
MKT142,Flash Sale,Twitter,2024-02-13,2024-02-29,South,Returning,36-50,Female,196872,9347,1523,31312,89693
MKT143,Weekend Bonanza,Email,2024-07-03,2024-07-20,West,New,26-35,Female,188035,6592,2846,44620,47879
MKT144,Flash Sale,Google Ads,2024-08-02,2024-08-24,South,New,36-50,Male,74330,2724,1064,6449,59597
MKT145,Summer Sale,Google Ads,2024-03-01,2024-03-25,South,New,50+,Female,71707,4343,2808,29426,49132
MKT146,Summer Sale,Twitter,2024-01-02,2024-01-15,East,New,36-50,Other,38689,1886,1878,40427,13626
MKT147,Weekend Bonanza,Twitter,2024-07-21,2024-08-03,East,Returning,18-25,Other,49084,12265,1585,45277,95936
MKT148,Weekend Bonanza,Google Ads,2024-04-22,2024-04-30,South,New,36-50,Female,60387,11997,2114,36551,91515
MKT149,New Year Promo,Google Ads,2024-02-13,2024-02-25,West,Returning,26-35,Female,94816,1721,809,29277,87065
MKT150,Weekend Bonanza,Instagram,2024-08-10,2024-08-29,East,New,36-50,Female,22642,8678,2543,40489,65390
MKT151,Diwali Offers,YouTube,2024-06-05,2024-06-17,North,Returning,36-50,Female,62137,10104,1011,14637,26645
MKT152,Flash Sale,Email,2024-05-10,2024-05-25,North,Returning,18-25,Male,82260,4357,1460,48258,64144
MKT153,Mega Discount,Facebook,2024-07-21,2024-08-13,North,Returning,36-50,Female,166510,1870,2464,40693,23382
MKT154,Monsoon Offers,YouTube,2024-10-19,2024-11-05,West,Returning,36-50,Male,68442,13300,1834,14824,14025
MKT155,Weekend Bonanza,Twitter,2024-06-28,2024-07-05,South,Returning,50+,Other,123061,7751,1923,31950,53226
MKT156,Festive Blast,Google Ads,2024-02-03,2024-02-10,North,Returning,50+,Female,154066,1497,1679,28488,89380
MKT157,Summer Sale,YouTube,2024-04-29,2024-05-22,West,New,26-35,Male,145844,2756,780,44008,79711
MKT158,Diwali Offers,Email,2024-09-16,2024-10-04,East,Returning,50+,Female,119575,2117,1433,5215,84710
MKT159,Clearance Campaign,Twitter,2024-10-26,2024-11-18,South,New,50+,Other,21813,12601,2642,45067,13443
MKT160,Monsoon Offers,Facebook,2024-04-24,2024-05-10,East,New,50+,Other,113027,3828,655,16523,31395
MKT161,Mega Discount,Facebook,2024-07-24,2024-08-01,West,Returning,50+,Other,143489,14482,709,15364,20725
MKT162,Monsoon Offers,Email,2024-05-29,2024-06-08,North,New,18-25,Female,104381,2647,2256,8153,43461
MKT163,Weekend Bonanza,Email,2024-02-16,2024-03-16,North,Returning,50+,Female,75276,14878,471,28834,51115
MKT164,New Year Promo,Google Ads,2024-03-31,2024-04-26,West,New,18-25,Male,61243,7992,715,39474,93732
MKT165,Summer Sale,Facebook,2024-07-28,2024-08-09,North,Returning,18-25,Other,80272,12175,2915,48066,89790
MKT166,Summer Sale,Twitter,2024-05-31,2024-06-10,South,New,50+,Female,193123,14778,2014,39335,89557
MKT167,Clearance Campaign,YouTube,2024-05-25,2024-06-23,West,Returning,36-50,Other,85618,7771,2353,15400,81260
MKT168,New Year Promo,Twitter,2024-05-21,2024-06-13,East,Returning,18-25,Other,21920,1142,946,15345,38690
MKT169,Flash Sale,Instagram,2024-02-03,2024-03-03,West,Returning,36-50,Male,126121,14512,142,38896,11407
MKT170,Winter Deals,Instagram,2024-10-13,2024-10-23,South,Returning,36-50,Male,96872,3761,964,24894,83568
MKT171,Diwali Offers,Email,2024-04-29,2024-05-24,South,New,50+,Male,101132,4435,1368,33899,68560
MKT172,Summer Sale,Google Ads,2024-07-07,2024-08-06,West,Returning,26-35,Male,22093,7622,1478,45635,57340
MKT173,Festive Blast,Instagram,2024-08-19,2024-09-16,West,New,50+,Other,32905,13852,884,33229,27794
MKT174,Summer Sale,Facebook,2024-10-27,2024-11-23,North,New,26-35,Male,141759,11623,575,10583,29881
MKT175,Monsoon Offers,Twitter,2024-02-23,2024-03-10,South,New,26-35,Male,175423,8069,182,9897,96292
MKT176,Summer Sale,Twitter,2024-02-19,2024-03-04,West,Returning,50+,Male,50981,5512,1233,11001,59703
MKT177,Summer Sale,Email,2024-10-05,2024-10-30,West,New,50+,Male,93903,2848,2337,48881,54354
MKT178,Winter Deals,YouTube,2024-05-20,2024-05-28,South,New,26-35,Other,90821,3696,899,9567,88462
MKT179,Winter Deals,Email,2024-06-06,2024-07-02,West,New,50+,Male,129200,2717,1035,14271,24390
MKT180,Mega Discount,YouTube,2024-08-10,2024-09-03,North,Returning,26-35,Other,102289,14678,2398,16703,97475
MKT181,Flash Sale,Email,2024-06-30,2024-07-09,South,Returning,36-50,Female,136506,4072,2438,18329,37307
MKT182,Festive Blast,Email,2024-01-09,2024-01-21,North,New,50+,Other,98513,10259,1768,40509,34502
MKT183,Summer Sale,Email,2024-09-30,2024-10-28,North,Returning,36-50,Other,170946,3786,425,11256,32486
MKT184,Summer Sale,YouTube,2024-03-05,2024-03-25,North,Returning,18-25,Male,158746,14409,1634,5228,48258
MKT185,Diwali Offers,YouTube,2024-04-02,2024-04-22,North,New,36-50,Female,70516,4791,2085,29746,67716
MKT186,Winter Deals,Email,2024-01-20,2024-02-09,South,New,36-50,Female,89212,10480,2064,21678,91494
MKT187,Festive Blast,Instagram,2024-10-21,2024-11-09,North,Returning,26-35,Female,153498,4871,936,42052,92768
MKT188,Clearance Campaign,Google Ads,2024-03-30,2024-04-23,North,New,36-50,Female,150970,2806,607,28185,20748
MKT189,Mega Discount,Google Ads,2024-06-03,2024-06-10,West,Returning,50+,Other,110009,2504,2878,38686,72785
MKT190,Flash Sale,Google Ads,2024-06-27,2024-07-06,South,Returning,26-35,Female,181015,4308,2219,16445,86050
MKT191,New Year Promo,YouTube,2024-05-30,2024-06-09,South,Returning,18-25,Other,64816,8117,1370,38266,32738
MKT192,Flash Sale,YouTube,2024-05-02,2024-05-15,East,Returning,50+,Other,24138,14304,740,7809,84231
MKT193,Monsoon Offers,Instagram,2024-01-19,2024-01-31,South,Returning,18-25,Other,111176,6048,1978,42729,83606
MKT194,Summer Sale,Google Ads,2024-08-03,2024-08-15,South,Returning,36-50,Female,95945,12143,707,46785,51662
MKT195,Mega Discount,Google Ads,2024-10-26,2024-11-20,East,New,50+,Male,24017,9263,2058,41547,92234
MKT196,Monsoon Offers,Email,2024-09-25,2024-10-17,South,New,50+,Male,30451,2690,665,47818,25123
MKT197,Festive Blast,YouTube,2024-04-12,2024-05-11,South,Returning,18-25,Female,113863,14579,1467,39886,35616
MKT198,New Year Promo,Google Ads,2024-04-25,2024-05-22,South,Returning,50+,Male,30278,10536,2201,11391,21182
MKT199,Winter Deals,Twitter,2024-03-06,2024-04-01,South,Returning,50+,Male,63764,4303,1853,5145,72013
MKT200,Mega Discount,Instagram,2024-02-05,2024-02-19,East,New,50+,Other,143030,4113,2675,18929,41331
MKT201,Mega Discount,Twitter,2024-09-30,2024-10-19,South,Returning,36-50,Other,152206,10074,2758,29326,56098
MKT202,Summer Sale,Twitter,2024-04-26,2024-05-12,South,New,18-25,Female,82943,13426,1681,34991,36128
MKT203,Weekend Bonanza,Instagram,2024-05-04,2024-05-16,East,Returning,50+,Female,115667,11854,2086,42333,41556
MKT204,Mega Discount,Twitter,2024-10-07,2024-10-16,West,Returning,26-35,Male,74318,8850,2340,21576,97505
MKT205,Diwali Offers,Google Ads,2024-08-18,2024-09-14,North,New,26-35,Other,123423,7416,2205,44405,31876
MKT206,New Year Promo,YouTube,2024-09-25,2024-10-05,West,New,26-35,Female,123998,2504,228,33464,18949
MKT207,New Year Promo,Instagram,2024-06-14,2024-07-09,East,Returning,26-35,Female,80128,11655,1972,13243,61962
MKT208,Diwali Offers,Email,2024-01-14,2024-02-05,North,Returning,36-50,Female,41869,11745,805,36601,81206
MKT209,Clearance Campaign,Twitter,2024-04-12,2024-05-09,East,Returning,50+,Female,25039,9924,951,7410,34099
MKT210,Diwali Offers,Instagram,2024-01-28,2024-02-24,East,New,18-25,Female,172353,10940,107,6820,22716
MKT211,Diwali Offers,Facebook,2024-07-03,2024-07-16,South,New,50+,Female,132935,4924,2176,40289,62611
MKT212,New Year Promo,Facebook,2024-06-24,2024-07-01,North,New,36-50,Male,30442,9615,1235,43650,48885
MKT213,Flash Sale,YouTube,2024-04-09,2024-04-29,South,New,26-35,Other,93788,12670,2278,39635,63144
MKT214,New Year Promo,Google Ads,2024-06-25,2024-07-02,North,New,36-50,Other,139729,10783,2335,12465,75220
MKT215,Weekend Bonanza,YouTube,2024-01-01,2024-01-11,East,New,50+,Female,47586,5485,1798,37439,17837
MKT216,Summer Sale,YouTube,2024-02-26,2024-03-04,East,Returning,18-25,Other,73053,13629,2856,32314,59355
MKT217,Monsoon Offers,YouTube,2024-04-24,2024-05-16,West,Returning,36-50,Other,106346,14233,1598,49229,57299
MKT218,Flash Sale,YouTube,2024-10-04,2024-10-29,North,New,18-25,Other,87087,13901,2359,24583,29159
MKT219,Winter Deals,Email,2024-09-19,2024-10-07,South,Returning,36-50,Female,163697,9100,1744,32155,61012
MKT220,Monsoon Offers,Email,2024-08-02,2024-08-28,West,Returning,18-25,Female,54397,9684,375,43871,69305
MKT221,Summer Sale,Instagram,2024-03-06,2024-03-19,West,New,18-25,Other,78671,1191,1802,17197,97096
MKT222,Weekend Bonanza,Facebook,2024-05-10,2024-06-02,West,Returning,26-35,Other,136214,9690,1895,34511,27106
MKT223,Weekend Bonanza,YouTube,2024-01-11,2024-01-30,South,New,18-25,Female,86897,5917,342,20424,68123
MKT224,Winter Deals,Instagram,2024-10-21,2024-11-15,West,New,26-35,Male,177221,6831,2832,5240,18720
MKT225,Flash Sale,Facebook,2024-05-18,2024-06-04,South,Returning,50+,Other,156355,10448,270,9631,47661
MKT226,Clearance Campaign,Twitter,2024-03-10,2024-03-23,West,New,50+,Male,158682,11160,752,14599,97318
MKT227,Diwali Offers,Google Ads,2024-08-01,2024-08-29,South,New,26-35,Other,194398,5322,2032,49462,31120
MKT228,Flash Sale,Email,2024-03-18,2024-03-30,East,New,26-35,Male,34924,14682,2335,29658,29790
MKT229,Clearance Campaign,Twitter,2024-03-18,2024-04-03,East,New,36-50,Male,133143,11378,1209,42845,68655
MKT230,Weekend Bonanza,Facebook,2024-08-06,2024-08-23,East,New,36-50,Male,130253,7999,1599,37574,69643
MKT231,New Year Promo,Twitter,2024-08-03,2024-08-29,East,New,36-50,Female,120297,10008,2199,41536,57374
MKT232,Summer Sale,Google Ads,2024-05-16,2024-06-02,East,New,50+,Male,20869,12412,2258,46910,52907
MKT233,Winter Deals,Facebook,2024-10-17,2024-10-30,West,New,36-50,Male,117088,8282,2072,12995,60071
MKT234,Summer Sale,Twitter,2024-01-02,2024-01-19,West,Returning,18-25,Male,21014,10665,1166,30186,44812
MKT235,Festive Blast,Email,2024-01-23,2024-02-11,West,Returning,18-25,Other,30103,10278,2358,34245,59570
MKT236,Festive Blast,Email,2024-08-29,2024-09-14,South,Returning,36-50,Male,130317,13391,2135,27813,60901
MKT237,Flash Sale,Instagram,2024-02-08,2024-02-17,South,New,18-25,Other,184530,2874,957,18276,70186
MKT238,Weekend Bonanza,Twitter,2024-09-03,2024-09-23,South,New,50+,Male,102409,10062,2774,24989,60251
MKT239,Weekend Bonanza,YouTube,2024-05-23,2024-06-12,South,Returning,18-25,Male,43248,5763,1149,17746,75171
MKT240,Diwali Offers,Twitter,2024-03-22,2024-04-19,East,Returning,50+,Female,194588,11234,398,49243,46160
MKT241,Diwali Offers,Facebook,2024-05-25,2024-06-12,East,Returning,26-35,Other,180133,9464,1023,23557,29156
MKT242,Diwali Offers,Facebook,2024-03-16,2024-04-08,East,New,26-35,Male,175242,10221,236,33060,86208
MKT243,New Year Promo,Twitter,2024-03-15,2024-03-25,North,Returning,26-35,Other,28024,12410,1143,11568,89980
MKT244,Monsoon Offers,Google Ads,2024-02-29,2024-03-07,West,Returning,26-35,Other,105947,13261,2587,40369,82320
MKT245,Mega Discount,Email,2024-10-18,2024-11-15,South,New,18-25,Female,194875,2051,310,24041,27929
MKT246,Monsoon Offers,Facebook,2024-07-16,2024-07-29,South,Returning,36-50,Female,170368,13225,2899,11080,76606
MKT247,Summer Sale,Email,2024-05-29,2024-06-10,East,New,18-25,Female,111829,10765,1674,18854,98442
MKT248,Monsoon Offers,Facebook,2024-03-16,2024-03-28,South,New,50+,Female,112708,12382,2582,7159,72559
MKT249,New Year Promo,Instagram,2024-10-08,2024-10-27,South,New,18-25,Female,106664,13580,879,32025,64205
MKT250,Summer Sale,YouTube,2024-03-14,2024-04-04,West,Returning,18-25,Female,169329,8538,1330,46081,78475
MKT251,Monsoon Offers,Facebook,2024-08-08,2024-08-18,East,Returning,50+,Female,163927,8411,2586,9368,74341
MKT252,New Year Promo,Email,2024-09-17,2024-10-10,West,New,26-35,Female,105178,12989,1902,39085,52863
MKT253,Mega Discount,Instagram,2024-05-09,2024-06-01,North,Returning,26-35,Male,121121,12481,2813,32094,91837
MKT254,Monsoon Offers,Facebook,2024-10-13,2024-11-11,North,Returning,26-35,Other,40025,7320,1165,6230,75439
MKT255,New Year Promo,Google Ads,2024-03-16,2024-04-06,North,Returning,36-50,Female,155530,12939,510,22517,17194
MKT256,Diwali Offers,YouTube,2024-05-05,2024-05-29,East,Returning,50+,Female,83610,3105,2953,28991,81387
MKT257,Weekend Bonanza,Facebook,2024-01-19,2024-02-05,South,New,50+,Other,90843,14580,2757,6301,91914
MKT258,Diwali Offers,Instagram,2024-06-14,2024-07-04,East,Returning,18-25,Male,127237,1307,526,33610,76214
MKT259,Weekend Bonanza,Google Ads,2024-08-09,2024-08-26,East,New,36-50,Other,194499,8737,1571,20927,39777
MKT260,Winter Deals,Twitter,2024-10-07,2024-10-25,South,New,26-35,Other,150299,4359,1041,39678,36183
MKT261,Winter Deals,Instagram,2024-06-24,2024-07-11,West,Returning,36-50,Female,189578,14264,2007,29466,37445
MKT262,Winter Deals,Instagram,2024-05-12,2024-06-03,North,New,50+,Other,25668,4176,841,19904,77038
MKT263,Mega Discount,Google Ads,2024-05-13,2024-06-03,West,Returning,50+,Other,198267,2251,1492,45875,97201
MKT264,Diwali Offers,Instagram,2024-02-05,2024-02-28,North,Returning,18-25,Female,93233,6366,1343,31081,26198
MKT265,Weekend Bonanza,Google Ads,2024-05-28,2024-06-11,East,New,18-25,Female,175489,11939,1700,29354,31411
MKT266,New Year Promo,Facebook,2024-08-29,2024-09-06,North,New,50+,Female,101982,2517,1355,32761,60577
MKT267,Summer Sale,Google Ads,2024-01-30,2024-02-18,East,New,26-35,Female,126133,7226,427,23300,25867
MKT268,New Year Promo,Google Ads,2024-08-10,2024-08-21,West,New,26-35,Other,30751,6305,1566,34491,72501
MKT269,Summer Sale,YouTube,2024-09-21,2024-09-29,East,Returning,36-50,Other,66218,10570,2199,40525,24266
MKT270,Festive Blast,Google Ads,2024-04-03,2024-04-30,West,Returning,50+,Male,146649,6869,2066,31532,49422
MKT271,New Year Promo,Google Ads,2024-04-18,2024-05-11,South,Returning,50+,Male,27352,9039,475,11464,45208
MKT272,Monsoon Offers,Twitter,2024-05-22,2024-05-29,South,New,26-35,Other,108835,5891,362,21562,41213
MKT273,Monsoon Offers,Facebook,2024-06-28,2024-07-24,South,New,26-35,Male,117493,5992,366,46856,17367
MKT274,Flash Sale,YouTube,2024-10-25,2024-11-16,East,New,50+,Other,48927,2961,2506,47511,89026
MKT275,Diwali Offers,Twitter,2024-06-14,2024-07-13,South,Returning,18-25,Male,192166,13497,2044,13683,45362
MKT276,Summer Sale,Email,2024-05-19,2024-05-28,North,New,50+,Female,121948,3863,1993,37634,61588
MKT277,Summer Sale,Facebook,2024-01-20,2024-02-06,West,Returning,50+,Male,49493,11848,2001,5060,48285
MKT278,Diwali Offers,Facebook,2024-08-01,2024-08-27,West,New,26-35,Female,51707,11686,2799,14269,84755
MKT279,Mega Discount,Email,2024-08-15,2024-08-27,North,Returning,26-35,Female,158368,7603,1752,28065,81846
MKT280,Flash Sale,Google Ads,2024-10-07,2024-11-03,East,Returning,18-25,Female,176470,14255,1544,7895,46307
MKT281,Mega Discount,Twitter,2024-06-11,2024-06-21,East,New,18-25,Female,55842,5567,145,20323,90280
MKT282,Mega Discount,Instagram,2024-04-20,2024-05-01,West,New,36-50,Male,33261,7513,699,17352,29867
MKT283,Mega Discount,YouTube,2024-07-16,2024-08-02,South,Returning,50+,Other,96709,5005,819,49643,66523
MKT284,Diwali Offers,Instagram,2024-04-24,2024-05-07,East,Returning,26-35,Female,115985,12755,2012,43591,94161
MKT285,Mega Discount,Email,2024-04-12,2024-04-28,East,New,18-25,Male,126616,10114,1392,35890,16378
MKT286,Monsoon Offers,Facebook,2024-02-05,2024-02-15,North,New,36-50,Female,87173,13424,700,37016,94685
MKT287,Winter Deals,Facebook,2024-02-04,2024-02-18,North,Returning,36-50,Male,51781,13654,480,16962,86958
MKT288,Festive Blast,YouTube,2024-06-13,2024-07-10,South,New,26-35,Male,33652,12151,217,38302,37926
MKT289,Summer Sale,Facebook,2024-08-11,2024-09-04,East,Returning,26-35,Male,25103,1183,2263,24846,23180
MKT290,Summer Sale,Facebook,2024-01-05,2024-01-20,East,Returning,36-50,Other,45500,8755,359,9011,46931
MKT291,Festive Blast,YouTube,2024-02-09,2024-02-28,North,New,18-25,Male,120336,4358,1198,24782,34014
MKT292,Diwali Offers,Twitter,2024-04-25,2024-05-17,East,New,36-50,Male,186601,7615,1603,7155,89872
MKT293,New Year Promo,Twitter,2024-01-24,2024-02-21,West,New,50+,Other,133499,10590,2452,44725,68502
MKT294,Diwali Offers,YouTube,2024-09-19,2024-10-19,North,New,50+,Other,169524,7797,2154,14196,97736
MKT295,Summer Sale,Email,2024-08-18,2024-08-31,South,New,26-35,Male,69393,11988,465,48459,15470
MKT296,Summer Sale,Facebook,2024-09-06,2024-09-29,North,Returning,18-25,Other,182246,9728,1757,26709,24953
MKT297,Festive Blast,Facebook,2024-10-23,2024-11-15,East,Returning,18-25,Female,186508,8678,2670,18327,48507
MKT298,Mega Discount,Email,2024-01-20,2024-02-11,South,New,50+,Female,67406,6698,1561,40474,16523
MKT299,Diwali Offers,Twitter,2024-10-25,2024-11-02,North,New,36-50,Other,83059,2273,2124,37769,96923
MKT300,Weekend Bonanza,Google Ads,2024-09-03,2024-09-19,West,New,26-35,Other,167026,12159,2576,46993,67190
MKT301,Festive Blast,Google Ads,2024-10-07,2024-10-31,West,Returning,36-50,Male,102722,7653,890,29700,57761
MKT302,Monsoon Offers,Google Ads,2024-06-08,2024-06-30,North,New,36-50,Other,32356,12241,846,19820,41169
MKT303,Summer Sale,Twitter,2024-09-22,2024-10-08,West,New,36-50,Male,148128,2096,2514,15891,55641
MKT304,Festive Blast,Twitter,2024-07-12,2024-08-10,West,Returning,18-25,Female,22187,10497,412,39629,32990
MKT305,Diwali Offers,Email,2024-04-26,2024-05-10,West,Returning,50+,Other,97243,10107,637,10269,39661
MKT306,Summer Sale,Facebook,2024-08-17,2024-08-24,South,New,18-25,Male,55098,12273,1020,48880,23419
MKT307,New Year Promo,Email,2024-03-10,2024-04-01,West,New,50+,Male,172297,9002,1177,13320,24457
MKT308,Festive Blast,Email,2024-02-19,2024-03-03,West,New,26-35,Female,154678,5247,1590,15740,77600
MKT309,Flash Sale,Twitter,2024-03-19,2024-04-08,West,Returning,26-35,Other,77620,10220,2929,40897,86102
MKT310,Summer Sale,Google Ads,2024-08-14,2024-08-24,South,New,36-50,Female,183900,6314,2481,35930,43085
MKT311,Diwali Offers,Instagram,2024-07-18,2024-07-27,North,New,50+,Male,146270,11169,897,22285,60654
MKT312,Winter Deals,Facebook,2024-04-16,2024-05-06,East,New,50+,Male,177561,4354,447,19380,16130
MKT313,Weekend Bonanza,Twitter,2024-02-01,2024-02-20,West,Returning,50+,Other,34387,11703,372,16360,12042
MKT314,Clearance Campaign,Google Ads,2024-07-10,2024-08-04,North,Returning,36-50,Male,89463,1270,819,10398,80134
MKT315,Mega Discount,Instagram,2024-02-29,2024-03-27,West,New,36-50,Other,153663,2186,1873,10529,52982
MKT316,Clearance Campaign,Instagram,2024-01-04,2024-01-26,South,New,26-35,Female,199588,13747,2647,34062,75185
MKT317,Diwali Offers,Twitter,2024-04-13,2024-04-21,North,Returning,18-25,Other,111683,13392,784,41686,43477
MKT318,Monsoon Offers,YouTube,2024-05-26,2024-06-04,South,Returning,50+,Other,82061,12956,2226,22451,62709
MKT319,Monsoon Offers,Facebook,2024-08-24,2024-09-21,West,Returning,50+,Male,101257,14998,721,11937,38716
MKT320,Winter Deals,Instagram,2024-05-26,2024-06-08,West,Returning,18-25,Male,81753,7305,2139,44886,88137
MKT321,Mega Discount,Twitter,2024-08-31,2024-09-22,South,Returning,50+,Other,104774,3398,1046,15860,46018
MKT322,Flash Sale,Twitter,2024-07-17,2024-08-11,East,Returning,36-50,Male,162159,13721,2505,30142,18061
MKT323,Winter Deals,Google Ads,2024-09-27,2024-10-11,South,Returning,36-50,Male,181888,7995,2765,30279,18609
MKT324,Clearance Campaign,YouTube,2024-05-13,2024-06-10,West,Returning,50+,Male,43408,13427,606,43106,45371
MKT325,Winter Deals,Facebook,2024-02-15,2024-03-10,South,Returning,36-50,Other,144116,14782,1682,40908,93021
MKT326,Clearance Campaign,Email,2024-08-25,2024-09-03,East,New,36-50,Male,151208,8299,2723,45764,30805
MKT327,Summer Sale,Google Ads,2024-04-22,2024-05-03,South,New,50+,Other,37413,5182,343,19201,17857
MKT328,Monsoon Offers,Instagram,2024-06-30,2024-07-25,East,New,26-35,Male,133650,10903,605,45544,21620
MKT329,Summer Sale,Instagram,2024-06-21,2024-07-05,East,Returning,18-25,Female,79500,3230,521,42711,18177
MKT330,Weekend Bonanza,Google Ads,2024-04-11,2024-05-10,South,New,36-50,Male,104514,7511,2364,13997,40111
MKT331,Mega Discount,Twitter,2024-02-05,2024-03-02,South,Returning,26-35,Male,76358,1128,1972,45566,98578
MKT332,Flash Sale,Instagram,2024-03-28,2024-04-21,North,Returning,36-50,Other,86197,10461,1292,25175,94181
MKT333,Clearance Campaign,YouTube,2024-04-29,2024-05-29,West,New,36-50,Other,183926,4672,429,45860,99941
MKT334,Flash Sale,Facebook,2024-02-23,2024-03-22,East,Returning,18-25,Male,96240,10793,749,8225,21826
MKT335,Clearance Campaign,YouTube,2024-09-08,2024-09-29,North,New,36-50,Female,36322,5765,1564,49578,23890
MKT336,Diwali Offers,Instagram,2024-09-05,2024-09-13,South,New,18-25,Male,133053,4970,490,40228,92428
MKT337,Winter Deals,Email,2024-02-16,2024-03-12,West,New,18-25,Male,26968,8545,1619,46505,68031
MKT338,Weekend Bonanza,Facebook,2024-01-15,2024-02-14,North,Returning,18-25,Female,47518,13436,480,28110,85020
MKT339,Monsoon Offers,Facebook,2024-04-25,2024-05-25,East,New,26-35,Other,71925,14272,841,15754,15495
MKT340,Clearance Campaign,Google Ads,2024-10-14,2024-10-31,North,Returning,50+,Male,131900,14139,2110,31655,38481
MKT341,Flash Sale,Google Ads,2024-10-14,2024-10-31,East,New,26-35,Other,113422,6552,919,48601,21267
MKT342,Weekend Bonanza,Email,2024-06-08,2024-06-19,South,New,50+,Other,21700,1627,772,8114,16743
MKT343,New Year Promo,Twitter,2024-07-22,2024-08-04,West,New,50+,Female,113782,12989,2660,31502,64800
MKT344,New Year Promo,Facebook,2024-06-29,2024-07-26,West,Returning,18-25,Female,43199,14780,1871,25028,58773
MKT345,Summer Sale,Email,2024-02-22,2024-03-08,West,Returning,36-50,Other,195661,7589,1311,22587,67042
MKT346,Monsoon Offers,Google Ads,2024-05-03,2024-05-23,South,Returning,18-25,Male,183187,3044,1029,47719,59476
MKT347,Diwali Offers,Google Ads,2024-07-06,2024-07-25,East,New,36-50,Other,25520,12744,1639,40333,38552
MKT348,Flash Sale,Facebook,2024-04-17,2024-04-28,South,New,50+,Male,129814,14171,1012,8174,75242
MKT349,Winter Deals,YouTube,2024-07-23,2024-07-30,West,Returning,18-25,Male,187527,3341,743,40398,55772
MKT350,Winter Deals,Instagram,2024-02-19,2024-03-08,South,Returning,36-50,Female,143364,6884,526,40929,53730
MKT351,Flash Sale,Google Ads,2024-04-22,2024-05-18,South,Returning,26-35,Male,192677,12406,601,9321,38948
MKT352,Mega Discount,Twitter,2024-02-20,2024-03-05,South,Returning,36-50,Male,34955,9185,829,35435,86311
MKT353,Diwali Offers,Twitter,2024-10-24,2024-11-07,East,Returning,18-25,Other,195121,1249,1383,12099,79093
MKT354,Weekend Bonanza,Google Ads,2024-08-25,2024-09-17,North,Returning,26-35,Female,164989,3925,2218,28760,79123
MKT355,Clearance Campaign,YouTube,2024-05-10,2024-05-30,North,New,36-50,Male,84925,6043,2625,16360,26535
MKT356,Mega Discount,YouTube,2024-07-04,2024-07-12,South,Returning,36-50,Male,127216,1974,556,15313,76490
MKT357,Clearance Campaign,Email,2024-09-05,2024-09-12,North,New,36-50,Female,90269,10517,2336,25462,56562
MKT358,Clearance Campaign,Twitter,2024-04-29,2024-05-15,North,New,36-50,Other,182026,8192,390,10801,99080
MKT359,Mega Discount,Email,2024-02-05,2024-02-17,South,Returning,36-50,Female,61458,10175,1019,19130,68535
MKT360,Summer Sale,Twitter,2024-04-30,2024-05-19,South,Returning,26-35,Female,109037,10080,2439,19271,51269
MKT361,New Year Promo,Instagram,2024-01-18,2024-02-01,West,New,50+,Male,172185,12129,2069,21075,90674
MKT362,Clearance Campaign,Instagram,2024-03-31,2024-04-29,North,Returning,26-35,Male,119977,11309,855,41919,52462
MKT363,Mega Discount,Facebook,2024-07-14,2024-08-06,East,Returning,26-35,Other,63939,3672,1758,46679,13127
MKT364,Mega Discount,Email,2024-01-26,2024-02-20,South,New,26-35,Male,49345,14162,1934,23984,33147
MKT365,Festive Blast,Google Ads,2024-02-27,2024-03-07,West,New,50+,Male,197385,8279,1406,27559,55528
MKT366,Summer Sale,Email,2024-05-17,2024-06-06,East,New,18-25,Female,130107,8531,1667,17861,87095
MKT367,Monsoon Offers,Google Ads,2024-02-19,2024-03-06,North,Returning,50+,Male,141866,10518,1969,38434,78931
MKT368,Festive Blast,YouTube,2024-09-29,2024-10-24,West,New,26-35,Other,89166,9662,476,21667,76381
MKT369,Festive Blast,Email,2024-10-12,2024-10-26,South,Returning,36-50,Female,198933,2987,1279,10840,73749
MKT370,Flash Sale,YouTube,2024-08-13,2024-09-06,East,New,36-50,Other,117406,1090,607,8565,48672
MKT371,New Year Promo,Instagram,2024-04-14,2024-05-05,South,New,26-35,Female,69298,9721,1536,48194,23731
MKT372,Mega Discount,Instagram,2024-01-01,2024-01-17,North,New,36-50,Male,198293,13948,2675,25977,64512
MKT373,New Year Promo,Facebook,2024-08-10,2024-08-28,East,Returning,26-35,Female,64942,5059,658,26118,61024
MKT374,Diwali Offers,Email,2024-10-25,2024-11-06,North,Returning,36-50,Female,23453,14026,2407,27641,13832
MKT375,Flash Sale,YouTube,2024-04-27,2024-05-04,North,New,50+,Male,122811,3773,520,12366,42332
MKT376,Monsoon Offers,Google Ads,2024-05-08,2024-06-06,West,New,18-25,Male,74935,14159,1652,31636,22467
MKT377,New Year Promo,Instagram,2024-04-22,2024-05-22,South,New,18-25,Other,142439,10878,403,20630,51025
MKT378,Winter Deals,Instagram,2024-01-02,2024-01-17,East,Returning,50+,Other,194442,9383,1041,25056,23107
MKT379,Clearance Campaign,Google Ads,2024-03-29,2024-04-16,North,New,50+,Male,28328,11178,2689,12382,87994
MKT380,Diwali Offers,YouTube,2024-10-02,2024-10-31,North,Returning,26-35,Male,35534,12815,1401,21149,53481
MKT381,Summer Sale,YouTube,2024-10-24,2024-11-07,East,New,26-35,Male,105280,8409,1189,5992,12581
MKT382,Monsoon Offers,Email,2024-01-04,2024-02-03,North,New,26-35,Female,56320,11377,2255,11858,85118
MKT383,Diwali Offers,Email,2024-03-16,2024-04-08,West,New,36-50,Female,69170,5440,2415,7121,61638
MKT384,Clearance Campaign,Twitter,2024-04-07,2024-04-18,West,New,26-35,Female,120546,8347,2369,32160,18418
MKT385,Flash Sale,Twitter,2024-03-01,2024-03-29,West,New,50+,Male,100201,2008,1927,25906,39113
MKT386,Clearance Campaign,Facebook,2024-08-17,2024-08-28,West,New,18-25,Other,28640,4783,1653,24572,94363
MKT387,Festive Blast,Instagram,2024-10-07,2024-10-22,North,Returning,36-50,Male,181121,7646,792,9136,73044
MKT388,Clearance Campaign,Email,2024-03-09,2024-04-06,East,New,26-35,Female,156690,5298,354,21727,89955
MKT389,Festive Blast,YouTube,2024-09-10,2024-09-26,East,Returning,36-50,Female,152992,5668,1578,37167,71030
MKT390,Flash Sale,Google Ads,2024-01-13,2024-01-30,East,New,36-50,Male,63937,5287,2400,20479,21814
MKT391,Weekend Bonanza,YouTube,2024-09-09,2024-10-04,East,New,26-35,Male,163279,3052,356,36376,20024
MKT392,Festive Blast,Instagram,2024-05-11,2024-06-07,South,Returning,36-50,Female,184044,7009,2530,9823,73288
MKT393,Summer Sale,Twitter,2024-07-19,2024-08-02,East,New,18-25,Female,161871,12500,541,9920,67836
MKT394,Clearance Campaign,YouTube,2024-07-19,2024-07-28,South,Returning,50+,Female,179988,2716,1981,24585,17435
MKT395,Clearance Campaign,Facebook,2024-01-01,2024-01-29,South,Returning,50+,Male,90463,1310,2746,43239,77084
MKT396,Summer Sale,Instagram,2024-06-22,2024-07-20,West,New,18-25,Female,113500,5538,1213,22272,80601
MKT397,Winter Deals,Twitter,2024-06-02,2024-06-09,South,Returning,36-50,Female,57158,2260,2537,31619,98416
MKT398,Mega Discount,Google Ads,2024-08-15,2024-09-11,North,Returning,26-35,Other,104607,14157,681,14533,13407
MKT399,Weekend Bonanza,Twitter,2024-01-02,2024-01-09,South,New,36-50,Male,139639,4932,1835,44895,42940
MKT400,Monsoon Offers,Facebook,2024-10-20,2024-11-09,West,Returning,18-25,Other,91696,12460,2745,8720,15666
MKT401,Festive Blast,Instagram,2024-09-12,2024-10-10,South,New,36-50,Other,81510,1584,118,24267,47122
MKT402,Summer Sale,Google Ads,2024-01-23,2024-02-10,North,New,50+,Female,140076,14882,1224,20696,35092
MKT403,Flash Sale,Facebook,2024-07-07,2024-08-02,North,New,36-50,Male,78692,11991,2754,34968,85645
MKT404,Festive Blast,Twitter,2024-09-13,2024-09-26,North,New,18-25,Female,150841,14825,1480,28345,36505
MKT405,Mega Discount,Facebook,2024-08-08,2024-08-19,West,Returning,50+,Male,35810,8616,1665,30693,46713
MKT406,Flash Sale,Instagram,2024-05-08,2024-06-01,West,New,36-50,Other,156198,9551,2180,24385,64387
MKT407,Diwali Offers,Email,2024-03-17,2024-04-04,East,New,36-50,Male,181081,3866,2093,23122,53169
MKT408,Clearance Campaign,Facebook,2024-09-30,2024-10-27,West,Returning,50+,Female,131718,6898,1647,6364,83282
MKT409,Diwali Offers,Facebook,2024-09-24,2024-10-08,North,New,26-35,Female,110932,3011,961,7708,87511
MKT410,Festive Blast,Twitter,2024-03-15,2024-03-22,North,New,50+,Female,20192,7251,254,17982,61742
MKT411,Mega Discount,Twitter,2024-03-24,2024-04-09,West,Returning,26-35,Male,56413,5939,1004,22308,50522
MKT412,Weekend Bonanza,Google Ads,2024-10-27,2024-11-22,South,Returning,18-25,Other,163888,5006,1369,37919,91132
MKT413,Festive Blast,Twitter,2024-01-22,2024-02-14,West,Returning,18-25,Other,59082,2625,504,30161,13880
MKT414,Summer Sale,YouTube,2024-09-24,2024-10-16,West,Returning,50+,Male,85048,11956,943,40089,53454
MKT415,New Year Promo,Instagram,2024-04-01,2024-04-13,North,Returning,50+,Female,143130,1890,1882,18865,65711
MKT416,Festive Blast,Instagram,2024-07-12,2024-08-09,East,Returning,18-25,Other,70940,7078,1664,5495,53539
MKT417,Clearance Campaign,Email,2024-08-31,2024-09-23,North,Returning,26-35,Female,183202,14247,1284,49755,78321
MKT418,Clearance Campaign,Email,2024-08-22,2024-09-16,East,New,18-25,Male,60142,14756,846,7148,97985
MKT419,Festive Blast,Instagram,2024-10-06,2024-10-31,North,Returning,50+,Female,56468,8036,1825,38324,24799
MKT420,Flash Sale,Email,2024-03-04,2024-03-18,West,Returning,18-25,Other,181770,14749,370,18393,70102
MKT421,New Year Promo,Google Ads,2024-02-10,2024-02-24,North,Returning,50+,Other,161727,9923,869,6552,60726
MKT422,Summer Sale,Twitter,2024-05-29,2024-06-12,North,New,50+,Female,198969,4961,1815,40853,58784
MKT423,Festive Blast,Instagram,2024-02-24,2024-03-11,North,New,18-25,Male,181147,13893,1610,37924,53333
MKT424,Flash Sale,Email,2024-03-11,2024-03-27,West,Returning,26-35,Female,160431,3504,271,13926,50828
MKT425,Clearance Campaign,Instagram,2024-03-09,2024-03-30,West,Returning,36-50,Male,149048,9806,373,35851,79526
MKT426,Clearance Campaign,YouTube,2024-07-27,2024-08-22,West,Returning,18-25,Female,62056,4806,2406,28889,64362
MKT427,Mega Discount,Facebook,2024-03-31,2024-04-17,West,New,36-50,Other,71831,7100,1258,44930,63997
MKT428,Festive Blast,Twitter,2024-03-25,2024-04-09,East,New,18-25,Male,79191,2719,1806,13055,60341
MKT429,New Year Promo,Instagram,2024-07-16,2024-08-08,East,Returning,36-50,Male,141948,13961,1871,9654,29073
MKT430,Winter Deals,Facebook,2024-05-02,2024-05-18,South,New,26-35,Male,184344,14558,521,27634,24549
MKT431,New Year Promo,Email,2024-07-20,2024-08-02,West,Returning,26-35,Other,128117,7686,1544,37363,93795
MKT432,Clearance Campaign,Facebook,2024-10-10,2024-10-27,East,New,18-25,Female,34671,2587,1309,16468,66920
MKT433,Clearance Campaign,Twitter,2024-10-24,2024-11-18,North,New,50+,Other,47048,8000,2511,37922,95326
MKT434,Diwali Offers,Instagram,2024-08-30,2024-09-23,West,Returning,36-50,Male,45963,10803,2525,45718,85515
MKT435,Clearance Campaign,YouTube,2024-03-07,2024-03-19,South,Returning,50+,Female,63954,1896,679,22380,30316
MKT436,Summer Sale,Email,2024-02-01,2024-02-09,South,Returning,50+,Other,115430,6558,990,31870,36183
MKT437,Monsoon Offers,Instagram,2024-03-30,2024-04-06,South,Returning,50+,Male,20717,9469,821,42394,34624
MKT438,Festive Blast,Twitter,2024-07-01,2024-07-08,North,New,26-35,Male,31676,5647,980,19259,72515
MKT439,New Year Promo,Email,2024-05-08,2024-05-31,East,New,18-25,Other,155506,10828,1221,19873,95781
MKT440,Monsoon Offers,Google Ads,2024-01-14,2024-02-04,North,New,18-25,Other,138696,11350,2752,18016,56705
MKT441,Flash Sale,Facebook,2024-06-22,2024-07-03,West,Returning,26-35,Other,150830,3432,2107,47137,99326
MKT442,Winter Deals,Twitter,2024-05-23,2024-06-16,South,New,26-35,Male,24994,4904,2169,5153,36756
MKT443,Summer Sale,Google Ads,2024-01-15,2024-02-11,North,Returning,18-25,Other,24234,14048,1573,12853,70390
MKT444,New Year Promo,Instagram,2024-02-28,2024-03-14,North,New,50+,Male,89300,12454,482,17379,78369
MKT445,Monsoon Offers,YouTube,2024-07-13,2024-08-07,East,Returning,36-50,Other,63949,7837,2281,20792,80821
MKT446,Winter Deals,Email,2024-02-22,2024-03-15,East,Returning,36-50,Male,57405,2449,1549,43367,19589
MKT447,Diwali Offers,Facebook,2024-01-04,2024-01-23,South,New,36-50,Male,54872,5500,2650,23100,24116
MKT448,Summer Sale,Email,2024-01-26,2024-02-20,North,Returning,50+,Female,62215,6454,1690,16049,83181
MKT449,Summer Sale,Instagram,2024-10-23,2024-11-17,North,Returning,18-25,Other,43185,10424,1886,5786,54786
MKT450,Diwali Offers,Email,2024-04-15,2024-05-01,East,New,26-35,Other,194514,5117,243,9368,86425
MKT451,Festive Blast,Facebook,2024-10-07,2024-10-21,North,Returning,18-25,Male,61153,9869,1986,35699,40286
MKT452,Diwali Offers,Instagram,2024-08-02,2024-09-01,North,Returning,50+,Male,97535,11850,1802,42040,25994
MKT453,Summer Sale,Email,2024-04-04,2024-04-18,North,Returning,26-35,Male,153653,3028,1535,32454,36639
MKT454,Summer Sale,YouTube,2024-04-02,2024-04-22,East,New,50+,Female,71717,14519,323,43762,27205
MKT455,Monsoon Offers,Twitter,2024-01-30,2024-02-19,South,New,36-50,Female,22763,7845,319,28600,66677
MKT456,Clearance Campaign,Instagram,2024-06-13,2024-06-30,West,Returning,36-50,Male,112910,4758,278,34238,42930
MKT457,Winter Deals,Twitter,2024-09-25,2024-10-10,South,New,50+,Other,75480,6904,1754,30241,83313
MKT458,Diwali Offers,Instagram,2024-06-05,2024-07-01,West,Returning,26-35,Other,189831,5624,532,24810,28316
MKT459,Winter Deals,YouTube,2024-01-25,2024-02-23,North,Returning,26-35,Female,138094,11229,364,25167,37304
MKT460,Diwali Offers,Twitter,2024-07-11,2024-07-20,South,Returning,18-25,Female,176379,11841,1053,26811,97876
MKT461,Flash Sale,Google Ads,2024-04-05,2024-04-29,West,Returning,36-50,Male,31064,14964,528,44779,95366
MKT462,Summer Sale,Facebook,2024-04-20,2024-05-11,East,Returning,18-25,Other,96848,9848,2563,25085,23403
MKT463,Clearance Campaign,Google Ads,2024-09-01,2024-09-27,East,New,18-25,Male,57548,1165,2874,14261,90052
MKT464,Monsoon Offers,Email,2024-02-29,2024-03-22,South,Returning,50+,Female,188017,14136,2344,23733,94627
MKT465,Clearance Campaign,YouTube,2024-01-21,2024-02-11,South,New,50+,Other,199009,5591,1677,44779,83495
MKT466,Clearance Campaign,Google Ads,2024-07-19,2024-07-27,North,New,18-25,Other,26476,1589,579,34079,41932
MKT467,Clearance Campaign,Instagram,2024-06-21,2024-06-28,South,Returning,36-50,Female,110101,5524,1453,38980,46701
MKT468,Winter Deals,Email,2024-02-25,2024-03-18,North,Returning,50+,Male,22382,3821,989,19141,13385
MKT469,Diwali Offers,Email,2024-06-09,2024-06-21,North,New,18-25,Male,196348,13450,1024,14344,67241
MKT470,Weekend Bonanza,Google Ads,2024-06-24,2024-07-20,East,New,18-25,Other,184474,7509,2270,44472,20367
MKT471,Flash Sale,Google Ads,2024-08-04,2024-08-22,East,New,18-25,Female,178018,8693,2002,20896,75030
MKT472,New Year Promo,YouTube,2024-07-02,2024-07-18,West,Returning,18-25,Other,99698,10454,1510,28817,56505
MKT473,Clearance Campaign,Facebook,2024-06-06,2024-06-21,East,New,18-25,Female,173407,1071,1462,34813,43332
MKT474,Festive Blast,Google Ads,2024-02-14,2024-03-02,East,Returning,18-25,Male,65095,12708,877,23895,95178
MKT475,Winter Deals,Google Ads,2024-08-29,2024-09-25,South,Returning,50+,Female,149974,13942,2495,5143,86325
MKT476,Monsoon Offers,Twitter,2024-07-10,2024-07-23,East,Returning,36-50,Male,47197,4580,128,15681,45268
MKT477,New Year Promo,Instagram,2024-09-25,2024-10-17,West,New,18-25,Female,147619,8962,134,12367,96486
MKT478,Weekend Bonanza,Twitter,2024-07-05,2024-07-23,South,Returning,26-35,Other,42010,1268,1519,8228,35563
MKT479,Festive Blast,Twitter,2024-07-26,2024-08-03,West,Returning,50+,Male,175195,10968,2770,9582,46404
MKT480,Weekend Bonanza,Email,2024-08-04,2024-08-17,East,Returning,50+,Other,107923,3462,688,18147,65182
MKT481,New Year Promo,Facebook,2024-08-08,2024-09-05,West,Returning,18-25,Other,153962,10460,1003,16397,42991
MKT482,Clearance Campaign,Instagram,2024-03-29,2024-04-21,South,Returning,50+,Male,150526,2015,2667,43799,57663
MKT483,Festive Blast,YouTube,2024-02-02,2024-02-23,North,New,18-25,Male,129162,11914,2269,42011,75886
MKT484,Weekend Bonanza,YouTube,2024-09-21,2024-10-08,West,Returning,36-50,Other,140927,10275,439,18647,93848
MKT485,Monsoon Offers,Google Ads,2024-01-06,2024-02-01,West,Returning,36-50,Other,28026,13293,274,32718,34127
MKT486,Diwali Offers,Google Ads,2024-01-25,2024-02-10,South,New,50+,Other,84925,14269,2023,49264,67692
MKT487,Summer Sale,YouTube,2024-01-26,2024-02-14,South,Returning,50+,Other,88842,8984,1814,47317,47500
MKT488,Diwali Offers,Google Ads,2024-09-17,2024-10-03,West,New,26-35,Male,53665,1406,696,24097,43785
MKT489,New Year Promo,Facebook,2024-02-23,2024-03-24,East,Returning,50+,Male,29277,8384,550,41953,94146
MKT490,Winter Deals,Twitter,2024-07-15,2024-08-09,West,New,26-35,Other,193311,7049,656,45096,99126
MKT491,Summer Sale,Google Ads,2024-02-09,2024-03-08,South,New,36-50,Female,198736,7169,1259,22107,57997
MKT492,Flash Sale,Email,2024-07-03,2024-07-22,North,Returning,36-50,Female,68008,8982,1456,8010,17170
MKT493,Monsoon Offers,Google Ads,2024-07-17,2024-08-11,North,Returning,18-25,Male,34683,12268,2156,10555,23303
MKT494,Flash Sale,Instagram,2024-07-05,2024-07-18,East,Returning,36-50,Other,151742,1985,2481,5067,81743
MKT495,Festive Blast,Facebook,2024-10-08,2024-11-01,West,New,26-35,Other,168961,12795,1116,33412,87852
MKT496,Summer Sale,Instagram,2024-06-15,2024-06-24,North,New,50+,Male,195607,5485,2474,49953,45187
MKT497,Flash Sale,Instagram,2024-03-16,2024-04-13,West,New,18-25,Female,98542,9901,2162,39305,75034
MKT498,Flash Sale,Email,2024-06-02,2024-06-28,South,Returning,26-35,Female,74319,3618,938,16549,81776
MKT499,Weekend Bonanza,Facebook,2024-07-23,2024-08-11,North,New,50+,Female,112067,14759,1737,10680,11893
MKT500,Diwali Offers,Facebook,2024-01-02,2024-01-19,East,New,18-25,Male,172711,14041,325,30739,23753
MKT501,Weekend Bonanza,Facebook,2024-07-18,2024-08-17,South,Returning,36-50,Female,167705,7289,1913,26209,48090
MKT502,Summer Sale,Facebook,2024-10-08,2024-10-15,East,New,26-35,Male,185732,10603,2260,46515,74922
MKT503,Summer Sale,Facebook,2024-09-30,2024-10-13,South,New,50+,Male,88975,7928,2120,27432,86768
MKT504,New Year Promo,Email,2024-03-30,2024-04-06,North,Returning,18-25,Other,183244,6368,1551,20116,69412
MKT505,Weekend Bonanza,Google Ads,2024-09-26,2024-10-26,East,New,18-25,Female,121158,5621,2148,25045,66030
MKT506,Mega Discount,Instagram,2024-03-17,2024-03-26,East,Returning,36-50,Male,31577,10677,2413,31327,27509
MKT507,Diwali Offers,Facebook,2024-06-08,2024-06-22,South,Returning,50+,Female,97299,12142,1614,40709,78653
MKT508,Summer Sale,Google Ads,2024-02-13,2024-02-29,East,Returning,36-50,Female,40176,13843,1331,48617,46929
MKT509,New Year Promo,Google Ads,2024-09-16,2024-10-07,South,Returning,36-50,Other,195458,12126,1745,31905,58291
MKT510,Weekend Bonanza,Instagram,2024-10-11,2024-11-07,South,Returning,50+,Female,83972,8566,1835,12067,14042
MKT511,Diwali Offers,Email,2024-07-09,2024-07-22,South,New,50+,Other,140018,13306,405,37559,72574
MKT512,Weekend Bonanza,YouTube,2024-04-03,2024-04-23,South,New,50+,Male,192075,5670,2159,47919,47201
MKT513,Flash Sale,YouTube,2024-07-21,2024-07-31,North,Returning,26-35,Female,39996,8658,1823,22985,24016
MKT514,New Year Promo,Google Ads,2024-07-17,2024-08-14,South,Returning,50+,Male,120922,2003,1789,32369,35022
MKT515,Diwali Offers,Twitter,2024-07-17,2024-07-25,West,New,18-25,Female,106598,11658,1617,22864,37938
MKT516,Clearance Campaign,Twitter,2024-05-10,2024-06-07,East,Returning,36-50,Male,55931,8504,1491,27614,53678
MKT517,Festive Blast,Instagram,2024-05-11,2024-06-02,West,Returning,26-35,Female,144168,3466,519,20613,71720
MKT518,Festive Blast,YouTube,2024-05-05,2024-05-31,North,Returning,50+,Female,186782,11130,2318,11447,66805
MKT519,Diwali Offers,Google Ads,2024-02-06,2024-02-16,West,New,26-35,Female,143099,2939,233,10499,84323
MKT520,Weekend Bonanza,Email,2024-04-29,2024-05-28,East,New,50+,Female,54693,2635,2130,44041,11986
MKT521,New Year Promo,YouTube,2024-01-21,2024-02-09,West,Returning,26-35,Female,186812,10890,1550,36315,86478
MKT522,Festive Blast,Google Ads,2024-05-24,2024-06-08,North,Returning,36-50,Female,128944,9095,1653,6299,92994
MKT523,New Year Promo,Google Ads,2024-07-04,2024-07-22,South,New,36-50,Female,37374,7265,1264,44469,22161
MKT524,Festive Blast,Facebook,2024-09-05,2024-09-22,West,New,18-25,Female,101471,13719,1969,9994,30689
MKT525,Flash Sale,Email,2024-09-09,2024-10-05,North,Returning,18-25,Female,65913,11283,1919,34878,70924
MKT526,Weekend Bonanza,Facebook,2024-01-12,2024-01-30,North,Returning,50+,Male,143683,2895,2805,20627,84308
MKT527,Flash Sale,Instagram,2024-06-11,2024-07-05,East,New,36-50,Other,64516,14628,1442,12489,73745
MKT528,Festive Blast,Facebook,2024-09-22,2024-10-15,East,New,26-35,Female,107796,7524,1564,31111,11211
MKT529,Clearance Campaign,Facebook,2024-01-04,2024-02-02,West,New,26-35,Other,46069,13432,2326,37355,10229
MKT530,Clearance Campaign,YouTube,2024-10-18,2024-10-31,South,Returning,26-35,Female,138333,12590,1179,13269,58542
MKT531,Flash Sale,Twitter,2024-04-26,2024-05-06,North,New,18-25,Female,104811,2073,1278,7831,24345
MKT532,Clearance Campaign,Google Ads,2024-06-21,2024-06-28,West,Returning,26-35,Male,138028,6184,1795,49370,41819
MKT533,Festive Blast,Email,2024-08-29,2024-09-19,North,New,18-25,Male,59178,3402,210,16819,57779
MKT534,Diwali Offers,Facebook,2024-09-13,2024-10-13,North,New,18-25,Other,52821,5895,2284,29813,92421
MKT535,Flash Sale,Email,2024-07-10,2024-08-07,South,New,50+,Male,36999,8331,2379,26637,75584
MKT536,Winter Deals,Twitter,2024-09-28,2024-10-06,South,New,26-35,Male,58712,12404,567,6996,29950
MKT537,Weekend Bonanza,Twitter,2024-04-28,2024-05-23,West,Returning,26-35,Other,191244,13229,2879,49387,25173
MKT538,Clearance Campaign,Facebook,2024-04-11,2024-04-27,South,Returning,36-50,Male,53722,10343,2628,8089,68032
MKT539,Clearance Campaign,Instagram,2024-06-15,2024-07-11,South,New,50+,Female,30625,11637,913,38291,38036
MKT540,Summer Sale,Facebook,2024-01-22,2024-02-16,West,Returning,36-50,Other,26859,2956,1372,25659,81356
MKT541,Mega Discount,YouTube,2024-03-07,2024-03-14,South,New,50+,Other,192681,8023,1093,35429,24292
MKT542,Flash Sale,Google Ads,2024-03-31,2024-04-17,East,New,26-35,Female,194379,13750,2131,20732,13052
MKT543,Monsoon Offers,Instagram,2024-07-01,2024-07-08,North,New,18-25,Male,130986,4907,422,24506,54377
MKT544,Clearance Campaign,Facebook,2024-01-15,2024-01-30,North,New,18-25,Other,41839,1807,1003,45935,99317
MKT545,Weekend Bonanza,Email,2024-09-13,2024-10-08,North,Returning,18-25,Other,47216,9378,1641,10190,77838
MKT546,Winter Deals,Instagram,2024-03-18,2024-04-02,North,New,18-25,Female,72953,5827,2099,9575,77819
MKT547,Clearance Campaign,Instagram,2024-02-10,2024-02-19,West,New,18-25,Female,69522,14501,1915,45495,25620
MKT548,Winter Deals,Facebook,2024-03-26,2024-04-17,North,Returning,36-50,Male,155958,14699,2753,39565,40461
MKT549,Festive Blast,Instagram,2024-06-29,2024-07-23,North,New,50+,Other,131249,5524,2576,39899,30750
MKT550,Festive Blast,Email,2024-04-18,2024-05-10,North,New,26-35,Male,27485,10499,247,28706,98719
MKT551,Mega Discount,Twitter,2024-02-08,2024-02-21,North,New,36-50,Male,182527,3284,1241,27884,19472
MKT552,Diwali Offers,Instagram,2024-02-06,2024-03-03,East,Returning,50+,Female,167839,6313,949,22199,79263
MKT553,Monsoon Offers,Twitter,2024-02-05,2024-03-06,North,New,18-25,Other,132701,14598,466,49100,67602
MKT554,Summer Sale,Email,2024-07-11,2024-08-03,East,Returning,50+,Other,179525,14058,2997,44434,35523
MKT555,Mega Discount,Facebook,2024-06-21,2024-06-28,West,New,50+,Other,122638,1757,1189,17479,40766
MKT556,New Year Promo,Google Ads,2024-07-28,2024-08-10,South,New,18-25,Female,32226,13423,2138,39178,76060
MKT557,Summer Sale,Instagram,2024-06-08,2024-07-05,North,Returning,18-25,Female,113405,5887,2960,17665,19079
MKT558,Flash Sale,Google Ads,2024-03-25,2024-04-05,South,New,18-25,Female,42588,4854,274,5534,18399
MKT559,Weekend Bonanza,Email,2024-08-19,2024-09-01,South,New,26-35,Female,182781,13458,1954,31292,70726
MKT560,New Year Promo,Instagram,2024-10-18,2024-10-28,West,Returning,18-25,Female,198860,11398,687,41132,26532
MKT561,New Year Promo,Twitter,2024-04-16,2024-04-24,South,Returning,26-35,Other,57019,4558,594,41110,92357
MKT562,Mega Discount,YouTube,2024-01-11,2024-01-19,East,Returning,18-25,Male,196020,10772,1237,27469,53162
MKT563,Diwali Offers,Google Ads,2024-07-14,2024-08-08,South,Returning,26-35,Other,85133,1961,1884,42268,13749
MKT564,Mega Discount,Instagram,2024-05-25,2024-06-07,South,Returning,50+,Male,134444,4847,1270,6172,21353
MKT565,Flash Sale,Google Ads,2024-09-17,2024-10-08,South,New,36-50,Female,137603,7726,134,32914,38477
MKT566,Clearance Campaign,Instagram,2024-05-31,2024-06-11,North,Returning,50+,Male,178598,4575,1098,25901,34570
MKT567,Clearance Campaign,Facebook,2024-01-13,2024-01-31,North,New,50+,Other,148585,10067,1432,45775,96373
MKT568,Diwali Offers,Twitter,2024-07-17,2024-07-30,East,New,18-25,Other,63395,3418,2685,39409,21437
MKT569,Flash Sale,Google Ads,2024-03-16,2024-03-30,East,New,26-35,Male,175103,5198,2897,24324,48104
MKT570,Diwali Offers,YouTube,2024-02-17,2024-03-12,North,Returning,36-50,Female,145814,2001,1137,13738,73370
MKT571,Winter Deals,YouTube,2024-08-07,2024-09-01,East,Returning,18-25,Female,188773,6244,473,42494,14551
MKT572,Clearance Campaign,Email,2024-06-17,2024-07-08,North,New,18-25,Other,132599,12576,2704,49557,78359
MKT573,New Year Promo,Instagram,2024-08-17,2024-09-01,West,Returning,18-25,Male,45939,8119,1551,29054,64880
MKT574,Monsoon Offers,Google Ads,2024-03-03,2024-03-17,South,Returning,50+,Female,171396,5066,1851,34709,22916
MKT575,Weekend Bonanza,Email,2024-01-05,2024-01-25,South,Returning,26-35,Female,173939,3845,2380,48785,90703
MKT576,Flash Sale,Google Ads,2024-08-06,2024-08-16,East,Returning,26-35,Other,20203,10673,804,25107,51445
MKT577,Summer Sale,Instagram,2024-06-06,2024-06-29,North,New,36-50,Female,167616,12493,662,5363,57636
MKT578,Diwali Offers,YouTube,2024-10-19,2024-10-27,North,New,26-35,Male,166971,9849,2873,15358,83927
MKT579,Weekend Bonanza,Facebook,2024-03-02,2024-03-25,East,Returning,26-35,Other,49063,6316,1973,41077,88194
MKT580,Summer Sale,YouTube,2024-10-23,2024-11-08,North,New,18-25,Other,110880,11972,2223,8240,39685
MKT581,Weekend Bonanza,Email,2024-06-23,2024-07-22,West,Returning,18-25,Male,23748,1422,538,11665,61134
MKT582,Monsoon Offers,Twitter,2024-08-06,2024-08-30,South,Returning,50+,Other,137269,7715,1983,6936,98916
MKT583,Summer Sale,Facebook,2024-03-11,2024-03-27,East,New,18-25,Female,100764,12873,2079,30538,77847
MKT584,Mega Discount,Email,2024-05-02,2024-05-16,East,New,18-25,Female,171956,5266,798,48965,49993
MKT585,Festive Blast,Instagram,2024-03-21,2024-04-12,North,New,18-25,Male,176255,8549,1412,16998,54333
MKT586,Mega Discount,Facebook,2024-09-09,2024-09-23,East,Returning,18-25,Female,128036,7316,1663,5882,68865
MKT587,Clearance Campaign,Email,2024-08-28,2024-09-25,West,New,50+,Male,170331,3710,791,25224,89096
MKT588,Festive Blast,Instagram,2024-01-30,2024-02-17,North,Returning,18-25,Male,187031,9644,2400,44691,59756
MKT589,Mega Discount,YouTube,2024-07-10,2024-07-21,North,New,36-50,Female,136525,11589,1300,35825,71192
MKT590,Festive Blast,Twitter,2024-05-15,2024-06-04,North,New,36-50,Male,184529,9069,2557,10204,70686
MKT591,Festive Blast,Instagram,2024-07-14,2024-07-22,North,Returning,36-50,Female,105679,11167,1734,33885,58733
MKT592,New Year Promo,Google Ads,2024-10-13,2024-11-09,West,Returning,36-50,Other,145829,2657,1733,45056,35993
MKT593,Diwali Offers,Instagram,2024-07-26,2024-08-06,North,Returning,18-25,Other,148216,3541,226,8203,40492
MKT594,Diwali Offers,Instagram,2024-03-05,2024-03-24,East,Returning,36-50,Male,153175,7763,1606,7244,30981
MKT595,New Year Promo,Twitter,2024-04-03,2024-04-10,West,Returning,18-25,Female,85901,4075,1291,37786,34143
MKT596,Weekend Bonanza,Google Ads,2024-07-03,2024-07-19,South,Returning,50+,Female,195607,4164,2739,8083,87603
MKT597,Winter Deals,Email,2024-05-22,2024-06-03,South,Returning,36-50,Other,167175,12158,393,26584,99452
MKT598,Weekend Bonanza,Email,2024-07-24,2024-08-23,East,Returning,26-35,Other,118046,3053,1466,13521,70277
MKT599,Summer Sale,Instagram,2024-04-02,2024-05-01,East,New,36-50,Female,110012,9479,1119,38541,59990
MKT600,Summer Sale,Google Ads,2024-04-24,2024-05-08,West,Returning,36-50,Male,98278,6737,2457,34063,72888
MKT601,Festive Blast,Google Ads,2024-02-16,2024-02-25,South,Returning,18-25,Other,32391,4217,2809,9732,79351
MKT602,Mega Discount,Twitter,2024-06-07,2024-06-30,South,New,36-50,Male,122476,13046,2675,32518,59999
MKT603,Mega Discount,YouTube,2024-03-26,2024-04-05,South,Returning,26-35,Male,179973,2447,2687,44563,80309
MKT604,Diwali Offers,Email,2024-07-10,2024-08-01,South,New,18-25,Other,140721,7009,518,44752,22446
MKT605,Flash Sale,Twitter,2024-02-10,2024-02-22,South,New,18-25,Male,117537,1607,543,34697,40733
MKT606,Weekend Bonanza,Facebook,2024-04-06,2024-04-13,North,Returning,50+,Male,101159,5552,784,7567,86000
MKT607,Clearance Campaign,Email,2024-05-31,2024-06-25,East,New,50+,Female,151040,2764,2987,21121,58632
MKT608,Monsoon Offers,Twitter,2024-09-07,2024-09-18,North,Returning,36-50,Male,189509,10417,2383,6674,31576
MKT609,Mega Discount,Email,2024-02-27,2024-03-08,South,New,50+,Female,55503,10427,1562,15875,13320
MKT610,Monsoon Offers,YouTube,2024-05-08,2024-05-30,West,New,50+,Other,95403,10221,2361,49340,20750
MKT611,Festive Blast,Facebook,2024-09-18,2024-10-02,West,New,50+,Other,192330,3671,184,5739,63463
MKT612,Monsoon Offers,YouTube,2024-02-10,2024-03-05,South,Returning,18-25,Female,184796,7519,2941,6545,36572
MKT613,Clearance Campaign,Facebook,2024-10-10,2024-11-03,South,Returning,18-25,Other,84286,4962,1867,34140,27948
MKT614,New Year Promo,Instagram,2024-03-23,2024-04-22,West,New,18-25,Male,94842,13734,184,14327,48826
MKT615,Clearance Campaign,Twitter,2024-09-10,2024-09-21,North,New,50+,Male,124927,14122,2044,10127,99051
MKT616,Monsoon Offers,Facebook,2024-05-09,2024-05-17,North,Returning,18-25,Male,34908,4177,2212,28331,37867
MKT617,Clearance Campaign,YouTube,2024-10-21,2024-11-05,South,Returning,50+,Other,57228,4722,1769,28004,70231
MKT618,Winter Deals,Email,2024-05-05,2024-06-04,North,New,18-25,Male,43386,5906,762,46833,76262
MKT619,Festive Blast,Facebook,2024-07-20,2024-07-29,West,New,18-25,Other,197826,14712,726,15492,82233
MKT620,Weekend Bonanza,Twitter,2024-02-06,2024-03-06,North,Returning,26-35,Male,48302,8263,163,18749,54678
MKT621,New Year Promo,Facebook,2024-05-18,2024-06-11,South,Returning,36-50,Female,80815,14699,1018,28508,22963
MKT622,Mega Discount,Google Ads,2024-07-14,2024-07-23,West,Returning,50+,Other,83344,6054,1475,14045,74360
MKT623,Summer Sale,Email,2024-05-31,2024-06-24,North,Returning,26-35,Other,186690,10667,1281,25116,59434
MKT624,Weekend Bonanza,Twitter,2024-10-01,2024-10-15,East,Returning,18-25,Male,131603,12088,1712,23667,76617
MKT625,Summer Sale,Twitter,2024-01-13,2024-02-03,West,New,50+,Other,81114,1808,590,14521,30269
MKT626,Festive Blast,Instagram,2024-06-05,2024-06-28,West,Returning,18-25,Other,45525,10170,1978,13669,86312
MKT627,New Year Promo,YouTube,2024-04-14,2024-05-14,East,New,36-50,Female,99818,11655,2040,32302,89732
MKT628,Diwali Offers,Instagram,2024-09-30,2024-10-15,East,Returning,26-35,Female,134589,1725,412,16283,91494
MKT629,Mega Discount,Twitter,2024-07-29,2024-08-16,West,New,36-50,Male,165406,11693,2762,35935,98905
MKT630,Winter Deals,Email,2024-05-28,2024-06-24,East,Returning,26-35,Female,114715,12554,1018,11998,87225
MKT631,Diwali Offers,Facebook,2024-06-03,2024-06-17,South,Returning,18-25,Male,26644,8701,1982,33806,92867
MKT632,Festive Blast,Facebook,2024-08-15,2024-09-09,South,New,36-50,Male,121154,2216,912,36624,47528
MKT633,Weekend Bonanza,Email,2024-06-23,2024-07-03,South,New,36-50,Male,184005,5051,1589,18440,88972
MKT634,Winter Deals,Twitter,2024-08-28,2024-09-15,West,Returning,18-25,Other,63469,3197,1426,26797,75602
MKT635,Clearance Campaign,Facebook,2024-02-05,2024-03-03,East,Returning,36-50,Female,184759,3806,779,6269,43332
MKT636,Monsoon Offers,Facebook,2024-07-31,2024-08-15,East,Returning,50+,Male,126609,9970,534,12868,88929
MKT637,Winter Deals,Facebook,2024-05-08,2024-05-26,North,Returning,26-35,Female,168447,1972,781,35251,79206
MKT638,Festive Blast,YouTube,2024-03-09,2024-03-26,North,Returning,26-35,Male,85206,12002,1258,17373,12251
MKT639,Flash Sale,YouTube,2024-01-21,2024-02-12,East,New,26-35,Female,116462,6634,1173,23987,55717
MKT640,Monsoon Offers,Google Ads,2024-05-11,2024-05-24,East,New,50+,Female,187679,14704,1555,43729,37027
MKT641,Summer Sale,Instagram,2024-03-26,2024-04-07,East,Returning,26-35,Male,103178,8483,2487,20734,96551
MKT642,Mega Discount,Email,2024-06-23,2024-07-05,West,New,18-25,Other,175065,3123,2494,47429,19583
MKT643,Summer Sale,Email,2024-10-23,2024-11-03,East,New,36-50,Female,195458,9790,2793,46337,60387
MKT644,Winter Deals,Email,2024-03-22,2024-04-14,North,New,50+,Other,197359,12533,1470,45325,33104
MKT645,Summer Sale,Google Ads,2024-07-15,2024-08-04,West,Returning,26-35,Other,106724,1224,748,23064,22224
MKT646,Festive Blast,YouTube,2024-04-30,2024-05-07,East,New,18-25,Male,116393,14841,344,13433,70624
MKT647,Clearance Campaign,Twitter,2024-03-23,2024-04-02,North,Returning,36-50,Male,147314,10032,2256,14111,66058
MKT648,Weekend Bonanza,Twitter,2024-03-30,2024-04-25,West,New,36-50,Male,96312,2814,2680,43450,39299
MKT649,Mega Discount,Google Ads,2024-02-21,2024-03-10,East,Returning,50+,Female,95324,14001,395,20047,88572
MKT650,Summer Sale,Twitter,2024-01-04,2024-01-31,East,New,50+,Male,91196,2106,2259,13084,95469
MKT651,Summer Sale,Email,2024-10-14,2024-11-13,East,Returning,50+,Male,90014,1124,1712,26751,87928
MKT652,Winter Deals,Instagram,2024-01-14,2024-01-21,West,Returning,18-25,Female,159282,4246,2490,21453,83474
MKT653,Weekend Bonanza,Facebook,2024-01-05,2024-02-04,North,New,18-25,Female,161994,14380,2248,25308,14141
MKT654,Diwali Offers,YouTube,2024-03-11,2024-04-03,North,Returning,50+,Male,187361,3931,2776,43968,33350
MKT655,Summer Sale,YouTube,2024-10-03,2024-10-30,South,Returning,26-35,Male,53340,14567,1727,35077,85082
MKT656,Festive Blast,Google Ads,2024-08-05,2024-09-04,East,Returning,36-50,Male,59850,13317,127,48046,80871
MKT657,Flash Sale,YouTube,2024-07-11,2024-07-24,South,Returning,36-50,Male,133711,3971,2085,39775,15077
MKT658,Mega Discount,Email,2024-03-31,2024-04-20,South,Returning,18-25,Other,31094,3017,1660,29503,56015
MKT659,Summer Sale,Twitter,2024-08-29,2024-09-20,North,Returning,36-50,Other,107959,8415,157,7779,81147
MKT660,Festive Blast,Email,2024-10-25,2024-11-13,West,Returning,26-35,Male,184490,3415,1621,26304,69180
MKT661,Festive Blast,Google Ads,2024-08-08,2024-09-02,West,Returning,36-50,Other,25741,13782,396,5755,50857
MKT662,Mega Discount,Email,2024-05-26,2024-06-20,North,New,18-25,Female,131585,4096,2281,44263,69840
MKT663,Diwali Offers,Twitter,2024-01-30,2024-02-23,West,New,18-25,Other,142564,2609,2396,47955,69902
MKT664,Festive Blast,Instagram,2024-01-07,2024-01-29,South,Returning,26-35,Other,88798,1717,2697,47281,15577
MKT665,Flash Sale,Google Ads,2024-09-17,2024-09-24,East,Returning,26-35,Male,136026,4561,1001,22400,30002
MKT666,Festive Blast,Instagram,2024-05-15,2024-05-28,North,New,36-50,Other,130130,10208,2064,45115,60711
MKT667,Festive Blast,Facebook,2024-05-19,2024-06-11,East,New,36-50,Other,42164,12757,1198,19249,49451
MKT668,Festive Blast,Instagram,2024-07-24,2024-08-02,West,New,18-25,Other,186667,14625,1777,49825,59103
MKT669,Clearance Campaign,Facebook,2024-06-22,2024-07-21,East,Returning,26-35,Other,50257,13893,2981,29600,38647
MKT670,Clearance Campaign,Facebook,2024-01-30,2024-02-23,West,New,26-35,Female,165283,13662,1291,42706,44831
MKT671,Diwali Offers,Instagram,2024-06-20,2024-07-17,West,Returning,26-35,Male,115989,7782,870,24222,76830
MKT672,Summer Sale,Google Ads,2024-08-05,2024-08-19,South,Returning,36-50,Male,156304,11152,1626,38505,90632
MKT673,Festive Blast,Twitter,2024-03-18,2024-04-12,West,New,26-35,Female,72691,2048,1478,43968,46833
MKT674,Weekend Bonanza,Email,2024-06-26,2024-07-07,South,Returning,18-25,Other,99768,10549,1348,46139,34398
MKT675,Summer Sale,Email,2024-08-22,2024-09-07,South,Returning,18-25,Female,176685,12618,1654,46302,71554
MKT676,Diwali Offers,Twitter,2024-08-16,2024-09-03,South,Returning,36-50,Other,34026,9307,245,34148,60755
MKT677,New Year Promo,Facebook,2024-02-29,2024-03-17,North,Returning,50+,Female,50908,11287,2083,27302,27706
MKT678,Summer Sale,Facebook,2024-10-17,2024-11-14,North,New,36-50,Male,39610,8905,1364,7623,32340
MKT679,Summer Sale,Google Ads,2024-01-28,2024-02-11,West,New,50+,Male,197718,10993,2007,13646,74994
MKT680,Monsoon Offers,YouTube,2024-07-19,2024-07-30,South,Returning,26-35,Male,83185,11338,2491,18543,73884
MKT681,Winter Deals,Instagram,2024-08-08,2024-09-06,North,Returning,36-50,Other,92567,6578,1872,33960,94361
MKT682,Monsoon Offers,Facebook,2024-03-24,2024-04-11,South,New,18-25,Other,198646,14834,1158,27785,27482
MKT683,Flash Sale,Email,2024-06-06,2024-06-17,East,Returning,26-35,Female,56182,2620,2849,17817,64225
MKT684,Clearance Campaign,Google Ads,2024-03-17,2024-03-27,East,New,18-25,Female,136136,7548,2148,36406,68849
MKT685,Clearance Campaign,Instagram,2024-10-04,2024-10-16,East,Returning,26-35,Male,151642,8381,2119,28456,84854
MKT686,Winter Deals,Google Ads,2024-04-04,2024-04-23,West,Returning,36-50,Other,39288,5780,252,28777,51256
MKT687,Mega Discount,Instagram,2024-08-07,2024-08-22,South,New,50+,Female,98824,12142,2576,25914,91110
MKT688,Mega Discount,Instagram,2024-07-03,2024-07-19,East,New,26-35,Other,180949,4792,607,34553,24650
MKT689,Diwali Offers,Twitter,2024-07-31,2024-08-22,North,New,50+,Other,104425,14759,590,28548,56118
MKT690,Winter Deals,Facebook,2024-02-05,2024-02-21,East,New,26-35,Male,20917,3941,444,42265,38930
MKT691,Summer Sale,Google Ads,2024-09-01,2024-09-27,East,Returning,18-25,Male,95602,6695,2035,45701,95707
MKT692,Mega Discount,Google Ads,2024-01-16,2024-02-02,East,New,18-25,Other,84575,7401,1861,11727,21801
MKT693,Festive Blast,Twitter,2024-09-14,2024-10-07,West,Returning,26-35,Other,92518,14097,320,49924,61360
MKT694,Weekend Bonanza,Email,2024-10-13,2024-11-07,North,New,50+,Other,59104,10169,2038,37427,97908
MKT695,Summer Sale,Email,2024-08-04,2024-09-03,South,New,36-50,Other,169134,7197,2042,21692,26559
MKT696,Flash Sale,Facebook,2024-07-02,2024-07-23,North,Returning,36-50,Male,36999,12258,822,36625,42334
MKT697,Festive Blast,Facebook,2024-05-28,2024-06-20,South,New,18-25,Female,161013,6450,627,29918,23288
MKT698,Festive Blast,YouTube,2024-05-21,2024-06-17,West,New,36-50,Male,81169,9975,1622,46395,32398
MKT699,Winter Deals,Twitter,2024-04-15,2024-04-29,West,New,18-25,Female,174542,9432,2988,46136,86230
MKT700,Diwali Offers,Email,2024-06-11,2024-06-21,West,New,36-50,Other,149744,6874,1764,20577,22191
MKT701,Flash Sale,Instagram,2024-01-10,2024-02-06,West,Returning,26-35,Female,130684,2553,580,24619,28051
MKT702,Mega Discount,Google Ads,2024-01-05,2024-01-19,South,Returning,18-25,Male,79821,13770,1971,38710,71715
MKT703,Winter Deals,Facebook,2024-03-12,2024-04-07,East,New,18-25,Male,195507,2012,1562,42388,20737
MKT704,Mega Discount,Google Ads,2024-06-01,2024-06-11,South,New,26-35,Other,155601,9378,1525,21195,75140
MKT705,Winter Deals,Google Ads,2024-01-16,2024-02-03,North,New,18-25,Male,32192,2881,444,32689,35251
MKT706,Winter Deals,YouTube,2024-06-12,2024-07-04,West,Returning,36-50,Other,94102,7799,144,16154,60975
MKT707,Winter Deals,Email,2024-07-09,2024-07-31,West,Returning,36-50,Male,134894,14240,2168,44121,15147
MKT708,Diwali Offers,Facebook,2024-03-10,2024-03-26,North,Returning,18-25,Male,106795,14675,1757,34412,60508
MKT709,Winter Deals,Google Ads,2024-06-22,2024-07-07,South,Returning,36-50,Other,185159,5586,1987,26341,62224
MKT710,New Year Promo,Facebook,2024-08-29,2024-09-24,East,New,50+,Female,86677,9622,2195,37018,29643
MKT711,Weekend Bonanza,Instagram,2024-10-27,2024-11-06,East,New,18-25,Male,155699,9430,1614,14145,48967
MKT712,Mega Discount,YouTube,2024-02-18,2024-03-17,North,New,26-35,Female,154327,7447,2698,47262,50733
MKT713,Summer Sale,Instagram,2024-10-05,2024-10-29,East,Returning,50+,Male,156285,3345,2434,27223,94003
MKT714,Monsoon Offers,Facebook,2024-08-10,2024-08-25,South,New,18-25,Male,122412,1075,1101,7880,44808
MKT715,Flash Sale,Facebook,2024-05-10,2024-05-20,South,Returning,26-35,Male,39404,10548,1133,26271,77288
MKT716,Clearance Campaign,Email,2024-05-06,2024-05-26,North,Returning,36-50,Male,136545,6877,2689,38313,68959
MKT717,Diwali Offers,Google Ads,2024-05-24,2024-06-02,South,New,26-35,Female,176452,7785,2140,18304,11849
MKT718,Summer Sale,Google Ads,2024-01-22,2024-02-14,West,New,50+,Female,170245,5922,2903,39695,78178
MKT719,Festive Blast,Instagram,2024-08-29,2024-09-09,North,New,36-50,Male,43989,9090,373,35225,77136
MKT720,New Year Promo,YouTube,2024-06-07,2024-06-21,South,Returning,18-25,Male,128106,3330,1055,25536,70740
MKT721,Clearance Campaign,Twitter,2024-07-29,2024-08-10,North,Returning,36-50,Female,44519,5686,2747,35831,96322
MKT722,Monsoon Offers,Google Ads,2024-04-03,2024-04-11,East,New,18-25,Other,42439,2902,1879,16673,54565
MKT723,Summer Sale,Email,2024-08-04,2024-08-16,South,New,18-25,Other,138570,13205,480,26917,30183
MKT724,Clearance Campaign,Instagram,2024-01-29,2024-02-17,West,Returning,26-35,Female,34995,5670,1452,32829,11132
MKT725,Summer Sale,Instagram,2024-07-04,2024-07-19,South,New,26-35,Male,43559,8143,578,20372,48259
MKT726,New Year Promo,Twitter,2024-10-01,2024-10-31,North,Returning,26-35,Male,109049,14179,2162,30938,73668
MKT727,Monsoon Offers,Email,2024-07-18,2024-07-27,North,Returning,50+,Other,156093,3059,615,7663,48563
MKT728,Festive Blast,YouTube,2024-04-11,2024-04-27,South,New,50+,Other,118000,1140,290,14465,20931
MKT729,Winter Deals,Email,2024-06-24,2024-07-01,West,New,26-35,Female,172191,2789,1291,8326,83169
MKT730,Mega Discount,YouTube,2024-07-15,2024-08-08,West,New,50+,Other,59350,12818,2768,8659,60639
MKT731,Festive Blast,Email,2024-05-20,2024-06-15,West,New,36-50,Female,197295,1016,1260,32594,68901
MKT732,Winter Deals,Email,2024-04-12,2024-04-19,North,Returning,36-50,Other,45517,14374,2301,9763,11044
MKT733,Diwali Offers,Facebook,2024-04-12,2024-04-20,South,Returning,50+,Other,173322,13540,1511,28121,56691
MKT734,Weekend Bonanza,Instagram,2024-07-29,2024-08-09,East,Returning,50+,Other,109132,1464,371,15828,34363
MKT735,Flash Sale,Email,2024-05-04,2024-05-20,North,New,36-50,Male,79546,5471,242,16221,56694
MKT736,Flash Sale,Twitter,2024-10-18,2024-11-06,West,Returning,18-25,Male,125686,2827,2012,16211,11582
MKT737,Mega Discount,Email,2024-03-30,2024-04-09,South,New,36-50,Male,108151,12220,1192,18569,89910
MKT738,Monsoon Offers,Google Ads,2024-05-07,2024-05-30,West,New,36-50,Other,23327,9711,2394,36358,76844
MKT739,New Year Promo,Instagram,2024-03-27,2024-04-09,East,New,50+,Female,140318,6956,887,42860,31301
MKT740,Monsoon Offers,Google Ads,2024-03-09,2024-03-17,West,New,36-50,Female,180840,1089,2226,11022,84329
MKT741,New Year Promo,Instagram,2024-07-31,2024-08-13,West,New,50+,Female,193860,5815,1781,18515,11620
MKT742,Monsoon Offers,Google Ads,2024-09-23,2024-10-15,East,New,50+,Female,135945,3851,722,11159,72224
MKT743,Weekend Bonanza,Email,2024-02-09,2024-02-18,South,Returning,26-35,Male,66830,3843,2672,46213,66655
MKT744,Diwali Offers,Email,2024-01-14,2024-02-12,North,New,36-50,Male,72446,13917,2919,26691,47534
MKT745,Diwali Offers,Facebook,2024-06-25,2024-07-15,South,Returning,18-25,Other,166232,11076,1037,29904,49390
MKT746,Winter Deals,Twitter,2024-03-20,2024-03-28,East,Returning,26-35,Other,185070,13363,1218,48790,81629
MKT747,Clearance Campaign,Google Ads,2024-01-04,2024-01-12,West,New,50+,Female,178302,10117,716,8044,65856
MKT748,Diwali Offers,YouTube,2024-01-03,2024-01-31,South,New,50+,Male,160148,12926,1131,14612,59252
MKT749,Diwali Offers,Facebook,2024-01-07,2024-02-01,North,New,18-25,Female,89341,7543,166,10636,65809
MKT750,Festive Blast,Google Ads,2024-01-07,2024-02-06,East,Returning,50+,Other,51085,6901,290,16593,32259
MKT751,Festive Blast,Google Ads,2024-06-28,2024-07-23,South,New,36-50,Other,75571,1969,2915,7892,30655
MKT752,Winter Deals,Facebook,2024-08-28,2024-09-14,North,Returning,26-35,Female,165787,2094,620,26672,43005
MKT753,Clearance Campaign,Email,2024-07-18,2024-07-29,East,New,50+,Other,148308,7124,1089,10812,41629
MKT754,Mega Discount,Google Ads,2024-04-01,2024-04-14,North,New,50+,Female,25750,8347,1240,36085,33610
MKT755,Festive Blast,Email,2024-08-24,2024-09-04,East,Returning,18-25,Male,133931,4195,2414,5654,67184
MKT756,Mega Discount,Facebook,2024-01-06,2024-02-03,West,Returning,36-50,Female,98768,2404,1734,22143,31602
MKT757,Summer Sale,Email,2024-04-23,2024-05-14,South,New,50+,Male,55903,12556,2632,6798,95945
MKT758,Festive Blast,Instagram,2024-07-04,2024-08-01,North,Returning,18-25,Male,183165,7940,1287,42927,21110
MKT759,Weekend Bonanza,YouTube,2024-07-02,2024-07-28,East,Returning,50+,Other,111036,5290,475,34087,16073
MKT760,Clearance Campaign,Google Ads,2024-02-17,2024-03-16,North,Returning,18-25,Other,107954,4982,752,16618,90818
MKT761,Winter Deals,Twitter,2024-09-30,2024-10-24,North,Returning,18-25,Other,185386,13515,648,13446,20195
MKT762,Summer Sale,YouTube,2024-03-15,2024-03-31,South,Returning,36-50,Female,199297,13205,1197,26646,11537
MKT763,Clearance Campaign,Email,2024-09-21,2024-10-03,West,New,50+,Female,103014,6555,172,41591,27138
MKT764,Weekend Bonanza,Google Ads,2024-01-15,2024-02-10,North,New,36-50,Other,186251,8954,2455,32200,54328
MKT765,Clearance Campaign,Email,2024-02-18,2024-03-02,East,Returning,18-25,Female,137305,13748,298,34571,56202
MKT766,Weekend Bonanza,Instagram,2024-07-28,2024-08-22,East,New,26-35,Other,176410,5713,1881,27538,50164
MKT767,Weekend Bonanza,Facebook,2024-01-09,2024-01-16,West,New,50+,Female,52101,4092,671,45555,99743
MKT768,Mega Discount,Google Ads,2024-10-23,2024-10-30,East,Returning,26-35,Male,22775,5159,890,48964,64659
MKT769,Monsoon Offers,Instagram,2024-04-04,2024-04-11,West,New,50+,Male,131497,7308,1738,25900,96155
MKT770,Summer Sale,Instagram,2024-03-11,2024-04-06,East,Returning,36-50,Other,65619,11266,1931,27356,59692
MKT771,Clearance Campaign,Google Ads,2024-02-27,2024-03-24,South,Returning,36-50,Female,196910,8478,1955,28023,34845
MKT772,New Year Promo,Email,2024-03-25,2024-04-04,North,New,36-50,Female,170611,9476,1610,44148,99846
MKT773,Summer Sale,Twitter,2024-02-02,2024-02-28,South,Returning,36-50,Male,77124,14971,1274,22392,40562
MKT774,Monsoon Offers,Instagram,2024-03-21,2024-04-17,North,Returning,36-50,Male,85149,5933,278,25698,38036
MKT775,Summer Sale,YouTube,2024-05-28,2024-06-20,North,Returning,26-35,Other,46616,5926,2344,47470,70752
MKT776,Diwali Offers,Instagram,2024-06-14,2024-07-14,North,Returning,36-50,Male,188171,10379,834,31535,84233
MKT777,New Year Promo,Twitter,2024-10-20,2024-11-14,South,Returning,18-25,Other,81799,4969,2236,40450,93049
MKT778,Monsoon Offers,Email,2024-04-02,2024-04-12,North,New,18-25,Male,110221,3965,898,38757,78681
MKT779,Mega Discount,Email,2024-08-31,2024-09-10,South,New,26-35,Male,134879,5319,887,17476,37818
MKT780,Clearance Campaign,YouTube,2024-07-30,2024-08-29,West,Returning,50+,Female,45479,9975,2895,46214,40544
MKT781,Flash Sale,Instagram,2024-04-20,2024-05-04,East,Returning,18-25,Male,197244,8108,308,9711,72532
MKT782,Monsoon Offers,Email,2024-10-10,2024-11-02,East,New,50+,Male,119165,10141,592,11479,88636
MKT783,Winter Deals,Twitter,2024-04-17,2024-05-16,North,Returning,26-35,Other,75863,4939,2812,36390,67705
MKT784,Clearance Campaign,Google Ads,2024-09-02,2024-09-14,South,New,50+,Male,193115,1044,1757,18161,30104
MKT785,Monsoon Offers,Facebook,2024-04-11,2024-05-05,East,Returning,50+,Other,102569,2810,831,37152,79603
MKT786,Diwali Offers,Facebook,2024-02-01,2024-02-09,South,Returning,50+,Male,166480,5566,1229,19635,69025
MKT787,Flash Sale,Facebook,2024-03-21,2024-04-09,South,Returning,50+,Male,36351,11273,1705,45843,42317
MKT788,Diwali Offers,Instagram,2024-10-27,2024-11-07,North,Returning,26-35,Other,155203,12690,2845,35297,41416
MKT789,Flash Sale,YouTube,2024-06-12,2024-07-01,East,Returning,18-25,Female,64825,10021,693,25836,52012
MKT790,Winter Deals,Email,2024-05-17,2024-06-07,North,Returning,36-50,Other,31349,2909,2999,29831,78045
MKT791,Clearance Campaign,Google Ads,2024-04-12,2024-05-07,North,Returning,50+,Other,64254,7364,1315,6007,31400
MKT792,Mega Discount,Twitter,2024-01-17,2024-02-10,East,New,18-25,Other,58225,3581,424,31331,58270
MKT793,Diwali Offers,Google Ads,2024-04-03,2024-04-23,East,New,18-25,Female,32453,1691,1078,45456,82069
MKT794,Diwali Offers,Twitter,2024-01-15,2024-02-09,West,New,26-35,Male,169886,13211,1849,15763,59833
MKT795,Weekend Bonanza,Instagram,2024-01-20,2024-02-07,West,Returning,18-25,Other,169335,14678,1950,8908,73644
MKT796,Flash Sale,Facebook,2024-07-24,2024-08-20,South,Returning,26-35,Other,97694,1931,1590,32573,90206
MKT797,Festive Blast,Instagram,2024-09-27,2024-10-10,East,Returning,50+,Female,35735,14128,993,24187,79468
MKT798,Clearance Campaign,YouTube,2024-09-23,2024-10-13,West,Returning,50+,Other,166902,8910,1490,16957,69473
MKT799,Flash Sale,YouTube,2024-02-28,2024-03-22,South,Returning,36-50,Male,67893,14861,243,9379,55809
MKT800,Weekend Bonanza,Twitter,2024-03-24,2024-04-22,South,Returning,36-50,Female,195745,7382,483,32959,48328
MKT801,Summer Sale,Email,2024-10-09,2024-10-29,South,Returning,36-50,Male,147006,4406,2363,21482,46784
MKT802,Flash Sale,Email,2024-03-23,2024-04-04,West,New,18-25,Male,65066,9339,2471,32105,33723
MKT803,Mega Discount,Twitter,2024-05-26,2024-06-23,East,Returning,50+,Female,154445,2032,316,5877,70646
MKT804,Clearance Campaign,YouTube,2024-03-19,2024-04-17,North,New,26-35,Other,161407,2311,1615,23252,76255
MKT805,Weekend Bonanza,YouTube,2024-02-23,2024-03-24,South,New,36-50,Male,174813,9579,2330,36334,10074
MKT806,Summer Sale,YouTube,2024-04-12,2024-05-08,West,Returning,26-35,Male,30692,4121,2417,24049,36498
MKT807,New Year Promo,Instagram,2024-02-06,2024-02-13,West,Returning,26-35,Male,198367,2873,1590,22772,75522
MKT808,Weekend Bonanza,YouTube,2024-01-16,2024-02-08,North,New,36-50,Male,65541,12780,1735,7637,30541
MKT809,New Year Promo,Google Ads,2024-10-01,2024-10-09,North,New,50+,Female,185129,10107,2614,12242,55929
MKT810,Clearance Campaign,Facebook,2024-08-27,2024-09-17,West,Returning,36-50,Female,86983,11070,2452,47025,36028
MKT811,Diwali Offers,YouTube,2024-07-19,2024-08-15,East,Returning,26-35,Male,170655,7781,1267,46381,39545
MKT812,Weekend Bonanza,Twitter,2024-01-05,2024-01-25,North,New,36-50,Other,173837,4748,210,40651,89569
MKT813,Winter Deals,Facebook,2024-09-11,2024-10-05,West,Returning,26-35,Male,174978,1277,1113,38972,41673
MKT814,New Year Promo,Instagram,2024-03-16,2024-04-15,North,Returning,26-35,Other,140747,11169,331,21928,40974
MKT815,Mega Discount,Twitter,2024-03-04,2024-04-02,East,Returning,36-50,Male,105103,2859,1814,33742,68899
MKT816,Winter Deals,Facebook,2024-04-07,2024-05-06,South,New,18-25,Other,197597,12228,1855,16831,33097
MKT817,Monsoon Offers,Twitter,2024-06-25,2024-07-11,North,New,36-50,Male,189302,12563,2742,24556,74824
MKT818,Monsoon Offers,Instagram,2024-07-06,2024-07-25,East,New,18-25,Other,170592,6929,1677,30343,33525
MKT819,Summer Sale,Google Ads,2024-09-18,2024-10-15,West,Returning,26-35,Male,45566,7792,1396,27834,67804
MKT820,Diwali Offers,Instagram,2024-04-08,2024-05-04,North,Returning,26-35,Male,93193,5713,2320,44288,25043
